package,path,sha256
dplyr,DESCRIPTION,ba5ea66f3ccbb8d27db08041f18e32ce35152e7175c8c9206e7c3de25fc09fbb
dplyr,INDEX,31c69e9ff55415029af121f2c6c627322228b658296b6f3aaaa637576e88c9db
dplyr,LICENSE,add53f944f3d6baea3005489ec794341760114890b8d72665c912f09c703cde4
dplyr,Meta/Rd.rds,283b8ba3426ea088f3ec0cff04af202d3dcca09f323927f91b2036670d343fe4
dplyr,Meta/data.rds,b97954d761de4bdefd6dfe7934cfcc10ba8e09fe3677d0d8e88bd018d56c66e6
dplyr,Meta/features.rds,04abba1fbf14e9ebfa5018fd8a740842010982b85aad6aef0f672275b088d982
dplyr,Meta/hsearch.rds,f2b11d52db8b74ef7ae48e4bbc110f3cac79412a03a6bf912612fcdf4ff08eb1
dplyr,Meta/links.rds,a23ce475d953d16592dd95fbb5eec0f270632927d8e46d9e51104debc3d52cbf
dplyr,Meta/nsInfo.rds,a453e09d6c16401812ba4eafedcb32f19e768066c5a5191614b701ae75f6cb16
dplyr,Meta/package.rds,d8d5278c263c73e97fb10c46222649444c73e08fc0e1abe3778995e8d6d4d688
dplyr,Meta/vignette.rds,503acb4e88cec544d1badd101d9ad5da2e20525e70d1581f8e5d01470f116d60
dplyr,NAMESPACE,9f23aa76775587749de159f73faa824dad08de01948dc03e35e162d8ee9cb892
dplyr,NEWS.md,9c7eaa542eaacb3f7c754ac56267dc14e8294b691b3015532118d85ec39a2aed
dplyr,R/dplyr,570ca456b280cdeb201ef5ebdf22dc8f80092e2c0c68e33c7f73340e420f3759
dplyr,R/dplyr.rdb,b53d0f2df19c87131136b37f6ea2e9608c75b77d578d2202ac741167d0a99b47
dplyr,R/dplyr.rdx,806080e6f4c4e2c16be459c6c020f6702291058e8d8fc1d466eb9757b53d8404
dplyr,README.md,a747b449909b01f4b1d018f189dfd5057d0794bfbb2148abc3de030bdbad6871
dplyr,data/Rdata.rdb,c61b1f1da44a15a3b2fff7e826257c6706822d1400c1f3519f5526a7374d93c8
dplyr,data/Rdata.rds,808520ccb4a67cbb9313d9e4aa12152f717247c4ab6f25fa6cc57a6e4d768c43
dplyr,data/Rdata.rdx,ff865a6faefa2ae4bb74b658c37a1fe17b07cf453f034f2fda7cbf7910af5709
dplyr,doc/base.R,c604742d4d1e009e39f2df54f6af2de7aa3916585b937f5c08e418f6433360f5
dplyr,doc/base.Rmd,7d878aa359df1f6afe8ebdca92938d2c2c57e8dac868644892f3f1d48d7db2f9
dplyr,doc/base.html,54337efa221ef95a10dea78f48bf0d7ed8986c6cc95edfcfb7e39171e92adedf
dplyr,doc/colwise.R,9ae64edef664305f3aa80b5c77ae0ff7259a617b12aa6ff9647b6f138c236e39
dplyr,doc/colwise.Rmd,cb1c66eda68a89653b002803d8d0f9ed04b74902e8febdfc308ca24dc50bbb9d
dplyr,doc/colwise.html,59c1d5858b37fb14a9a9cea320adaeaec9d99f81660ecc143ce75d1e97c09bac
dplyr,doc/dplyr.R,3f0d46b0806c62700e72d708ac128d98b8a362d8f687a234d8baea74f1ed11a7
dplyr,doc/dplyr.Rmd,084c78240183c6038c0ec72bdede69b22ccf54500d966d9ff869462363e0619a
dplyr,doc/dplyr.html,0686fbc5c28632efc60a14c18b9ee5b466daf1c65cf585d49758ccb64b9c3d8e
dplyr,doc/grouping.R,aa1d1b32d121342e3ba484fa27e2e245e08f31124c84fe647c688c444839bce6
dplyr,doc/grouping.Rmd,1f5bed34b8816e9cd2d75fef2b4673fade7d1f0c9d66f631c42951fc4fb8f24c
dplyr,doc/grouping.html,58ba8cf070feb5ad8e96d9e6ccbf48b171cdb33d9b20bc2cdb7a9a36dccf7f7e
dplyr,doc/in-packages.R,8cdf225e0b385f26753736b22da51846eec7317d865ccc8bca04ea67e7113298
dplyr,doc/in-packages.Rmd,9b5dcb674b0d86d2dd030cd1f15b8d3eba71491c0dce0043dbe2a910aec0d84c
dplyr,doc/in-packages.html,9fbbcf02fb72fc4fbb577d98e25949b4a21075a8f379c384db56df3f3ea8b752
dplyr,doc/index.html,82830246c7267f53f91639ffe81fb354d60dab43dff2924221c51c947c586d24
dplyr,doc/programming.R,979ec0c3f10b032328392a3f6b07e93ca2f4209744613071dbe02d4e88363506
dplyr,doc/programming.Rmd,b8b58e132389cf0fde1c5e44399ddc67077480d15dad849295b05c19baaed944
dplyr,doc/programming.html,d7cc20388845c33dd0f02c4027498c781d7d9414aff5c7c4cce547c7c5cf3bb1
dplyr,doc/recoding-replacing.R,57e65d641ea55381fa8394c7f9d2bfd6448f5095624c09c1b96f2e6d5a27a3b5
dplyr,doc/recoding-replacing.Rmd,6d3f2d0550d84daea5ac073af2eff8018173dd1bba2cebf0ec9d085c37717376
dplyr,doc/recoding-replacing.html,59bb75b1a29b9833eef830bd41b1f94dd3cd99c74cb11021805ef89da03b5387
dplyr,doc/rowwise.R,a7751ccac029e93f7a37fe96517cb7fd63f0b1404edab0dfbbe773d26aebde99
dplyr,doc/rowwise.Rmd,a851f73c9c47c2f1269af56e445866eb773e6478d28e5e0c8eefa3700620971f
dplyr,doc/rowwise.html,dbac35a33a1de1ac303ee3b43ba2181099c002571d65e08c3f6a731771b588de
dplyr,doc/two-table.R,e45f9d36fd1c983dbf0dde2c3020cbeeaa021aa1c5c99e7d57b9f6e48ccf12b7
dplyr,doc/two-table.Rmd,57ed2319a7ae6e72eb1f074e1b20fe8dd239b3e0c2ad51d0bc64d799dbd17ca8
dplyr,doc/two-table.html,ba91dad0abd22483611ec071ebc97cc1e91bbd606721503950b03ee80d454329
dplyr,doc/window-functions.R,dddcc4274815af9d945b040547e4fbd60778a8570e03107fe632f9ea1e3085dc
dplyr,doc/window-functions.Rmd,94e6f86e5a8e9d457f5e168685b09919b77783cb31d61935005be4b93d2e2047
dplyr,doc/window-functions.html,eeb919f55b926a315a1014371f50f4b73fe2f3711b4f81d758dd54782925c1c5
dplyr,help/AnIndex,1b839b3bc52f52d2b58d8988b628a58314b59106063952ab2833e571724b36e1
dplyr,help/aliases.rds,8ad36fe180b81d02d517c2c79fb48c79bbd7b3e0a4266751e53c7e523d6e7dd8
dplyr,help/dplyr.rdb,eaff5fb318e0aa10ddad479c5d18127bf68a2618660c77a2df0988f2e5acec97
dplyr,help/dplyr.rdx,cfe3358f183f7f104e1269415f7fc31959d5dd4e5411970dac2b4149bc0fe244
dplyr,help/figures/lifecycle-archived.svg,e51548be52932d0b0468f5b11adcbebac08663898a7c043871864b0064710e86
dplyr,help/figures/lifecycle-defunct.svg,977a9d51157cf76f89e0d5562b8b57b06560682c4cc9e44333e9c394629fb520
dplyr,help/figures/lifecycle-deprecated.svg,7fefe18cc3b7059272fa85ff40c4a95739bb271276d819fe782ac38db295a07c
dplyr,help/figures/lifecycle-experimental.svg,ed1f8972de7fdeb5dedc1087ea043dc4953dca5d58f54286b4c0ab297eefbe90
dplyr,help/figures/lifecycle-maturing.svg,9f33b55a1806ad5a3d565a0855a91b47ae26b7cf1ff0f025758bbd15b4c3984a
dplyr,help/figures/lifecycle-questioning.svg,2feb00c21e12843cd1cd2e821c941628331dddbb26e34e58c40bb11dcffea89a
dplyr,help/figures/lifecycle-retired.svg,a74f73ab22058d1f9f2dfd41857933759cf1b8e3d03cc18bf1eddc1ab7f2daee
dplyr,help/figures/lifecycle-soft-deprecated.svg,3a1280ea3869c1ffd2aa92d984e197eb9ac823746d018f000c5d53117ad257b1
dplyr,help/figures/lifecycle-stable.svg,4817300514459f5ac876b1a379c7bad15d6049e1a954b71455ab78d76b83ffa0
dplyr,help/figures/lifecycle-superseded.svg,c425824d3301dc7d4dc0100d408c4b469f488a8488be748a1fbe61abae5bab9e
dplyr,help/figures/logo.png,2bc5bcd6d36c2c26471147fe37db343afd326ef13f22f7e7a1b8ea4b8b5f562c
dplyr,help/paths.rds,2c2fcfd74acd34f711904736332cb77b16ed0e9aea46ba9451850a364466e2af
dplyr,html/00Index.html,c8fd10a664e820a590eafb28bafcf8268dacadcaedddacc6de32700049a472fe
dplyr,html/R.css,3d290675266eebeba6efff07db879d699843c80bf428f9e71000e2fc6078f5db
dplyr,libs/dplyr.so,41f1c6cc3d9976013a4b99523b4a97997bc45fc3cf6457cf1659f4918974a260
dplyr,libs/dplyr.so.dSYM/Contents/Info.plist,d86ee15174a875da2cdaf6513974b6521efcef86d766363b15923221fe96e8ee
dplyr,libs/dplyr.so.dSYM/Contents/Resources/DWARF/dplyr.so,4d8defa2abb0db0e49283611c6affd762db550a174c8271f711b791d7c045773
dplyr,libs/dplyr.so.dSYM/Contents/Resources/Relocations/aarch64/dplyr.so.yml,9ba79296a9fcb51d61e46a03bd9b598cf7cbdcf0da5e33c1a7a1105fc50e0dcb
dbplyr,DESCRIPTION,4289d77d0dd09ecc56e301171321de7b629cfb72bc2bf9e8e1f0ec4c9442c690
dbplyr,INDEX,56f0d5ff8c1527fe486464a045ff9d50e2464888417cf58a3642fa04404e2ed4
dbplyr,LICENSE,e2319b161a2bb6e488bbcfcbd35a4644e5b6289952e26ebda9627b0e4df7a4b9
dbplyr,Meta/Rd.rds,b45d7a204e42fce4c1fb19592f3a4797696846ea36d5424af389227f9241e789
dbplyr,Meta/features.rds,04abba1fbf14e9ebfa5018fd8a740842010982b85aad6aef0f672275b088d982
dbplyr,Meta/hsearch.rds,b1f6346f098134d8ec12b4e53f117c5731d457da48889aec2f8bca3c1d548a85
dbplyr,Meta/links.rds,a92645203c9ed73e73ce2be7615ab0fc0d021d39c203b62e2f27db7d6b90845f
dbplyr,Meta/nsInfo.rds,e7b14a359f9915786621db3ffbc88a008fa7902142011ba10e56f8658077372a
dbplyr,Meta/package.rds,8f7288e4dbd19bf3f2f9cbd5282969d13fa1a860f01a02f9e56bb0b063c4b3fa
dbplyr,Meta/vignette.rds,c9b8f9a62ddbebcb981b3c8dd1beb42234b5631d5931776195f55a128ea8db50
dbplyr,NAMESPACE,a2751f752f1ccb15a46c4a561a9129c86c1873d9b1c1db2192cca030a7a3b8e3
dbplyr,NEWS.md,15c669d92dfc243b60faafddace821e35e175813ea282d708b7e1eebbd32a4df
dbplyr,R/dbplyr,570ca456b280cdeb201ef5ebdf22dc8f80092e2c0c68e33c7f73340e420f3759
dbplyr,R/dbplyr.rdb,852e5627e8f6765a0bc1970e1862254971d5d6182e932d048c7e127fafe2ec27
dbplyr,R/dbplyr.rdx,e5be87458930a6bcb4df642da55c6e2346f55fe645e2ea4bcb6e554cae38e31c
dbplyr,README.md,85aa6ebecc5e14e0c910af8c8d0ca8d5275eed09aae019cf279c1e7252fdf86a
dbplyr,doc/dbplyr.R,ee9657e9ae38d61576bbd1643e9cb0e32cd5688bc443d29a477c8562949f0ca9
dbplyr,doc/dbplyr.Rmd,6c56a9d479993e0fbeef91d51f6170083e7c5146d6daa632d45f83bee965934c
dbplyr,doc/dbplyr.html,8ab143bef111f1b5a800201d38fc3cdf1e1f9529851a359bb42a0d093e519508
dbplyr,doc/index.html,a3f1f27292d5c1b008369848ea6f41061876945c5ec83a1fd05a8f7a3cca1246
dbplyr,doc/new-backend.R,17a4cc9174d2d0f666cb71c97edb9ca368652c27ee26a76b03d49539eb62e091
dbplyr,doc/new-backend.Rmd,62178d01785ec496f8ca4ad0dc0e5488c5a8ad3ca0773c434358e1714cb55fe8
dbplyr,doc/new-backend.html,e4469f87927c9243f5aecb00115d349a152eeffdeb22985119c67a58e69eecd5
dbplyr,doc/reprex.R,b71721c6f5afdd0271940a3ee5274663b2811124e706e6ec91147dbfa6acac97
dbplyr,doc/reprex.Rmd,656ce94756cb406bd15c5daee7850ee78a2bede7bbd499cd45a10abcab676690
dbplyr,doc/reprex.html,28e721a884e14f6b49cd21461e9715b9b0731a617a5cdbfe4ca47989e6e10a7e
dbplyr,doc/translation-function.R,fb5b8100d40fbed98361bfcbb3f472456d6c4fae93bde67dc244fcfdcc9cefc1
dbplyr,doc/translation-function.Rmd,8e995dc8b44440f4fc48dc8858dc68b3792c0762133370b62bf45ae5475c4a5a
dbplyr,doc/translation-function.html,55a981f490b204451a3ee85de78d194a784bab0dca79f26b21e0e73bf39826ec
dbplyr,doc/translation-verb.R,f064212d8bda9db099989850aa453e5e666c011ab3c6b8847dbae7754f58113b
dbplyr,doc/translation-verb.Rmd,4739557868f517d63dd2f6163e963d369dc7a934e7ecbff6998795492f037fc7
dbplyr,doc/translation-verb.html,a043c212a4effc9263881ccb950d0cf9a1dce8fd046ee291ceb07d363120d7f8
dbplyr,help/AnIndex,90885c9d6bbc378030c26320b4daec7ff67b83fbc51361b9feb40cf41f639c5c
dbplyr,help/aliases.rds,f0be8c7d860d4df244e771fcf4bf3ae3689dcea8789e9bbd5eff1c8dad2f0773
dbplyr,help/dbplyr.rdb,320ce753160dcee36a4c911758f70c62795cc8902670e1ff0657a0bff2d2ee1b
dbplyr,help/dbplyr.rdx,f2ee64ebb3c54584652d0dd4a0457e64834431cdff20b6304b62e1b90a01cc3f
dbplyr,help/figures/lifecycle-archived.svg,1f91adc5fc098480adc7ae083713d15e4e6d4915a5c6a1ed6488145c480917e9
dbplyr,help/figures/lifecycle-defunct.svg,7d6559cb01f8d78aa1e1cb416167de90ace6d1441d3e088062dbedf9891fd69c
dbplyr,help/figures/lifecycle-deprecated.svg,b325b309900c9843a235f147918eab4f3b9bcca228656ff16c48bfd067337481
dbplyr,help/figures/lifecycle-experimental.svg,ee207407774f49e01a44c86370569aee540c468cfc00b4e1d7fa4c9c9ee626af
dbplyr,help/figures/lifecycle-maturing.svg,7edd59bc4d9fb8d901894a301aec9a9cc0b5e0144239074ae9da679c2a19003b
dbplyr,help/figures/lifecycle-questioning.svg,94ac10480d97a8bc0b8e625aeb38d85747c77648f0c85b18f119957545f47552
dbplyr,help/figures/lifecycle-soft-deprecated.svg,44f0804365bd36ebe44f91426029c4b11a66c389cbb9e1153cd1f69afa63b4c2
dbplyr,help/figures/lifecycle-stable.svg,14e0bf4e2a6945ac25e73aa3324b47f414fc3055faec1ac20e8f7d2c1badacba
dbplyr,help/figures/lifecycle-superseded.svg,a471d61997868b34d1af241fb4195ab348118046f6df3af21fd8a961ea0c248c
dbplyr,help/figures/logo.png,66f4aa6cde7adae56ae7fc35d8c59314c4b8a095ddafc7846221968b4d5dbe3d
dbplyr,help/paths.rds,aa61e8a2c65f5104b26c79215396cbd5babdc194b3e5588912ff93af58aadb74
dbplyr,html/00Index.html,aa1757a11ba1e243b6890c0887c2130e4c858ea6cf6e6cb67443a94a48050ec9
dbplyr,html/R.css,3d290675266eebeba6efff07db879d699843c80bf428f9e71000e2fc6078f5db
rlang,DESCRIPTION,9c0bd06bf93f94963746915fb94f8d91a66e3c040cd53ba039929bd4adf06f93
rlang,INDEX,ccb75df163a232ecb764c81e3b7d1894c12f5587911a7fdb3ca3e635cdf6e58a
rlang,LICENSE,007646ca628dcb18cf6568a0edb41c28157b9d1a715a4ea3d5865a98e8113626
rlang,Meta/Rd.rds,aa023fb076747ccd0a52d40af37f48db5214427e588551d734a24451a444bd6c
rlang,Meta/features.rds,b4f074bc0f45cfe56d976c0d67a1453067f4b34693828ed02d674a6641b3e332
rlang,Meta/hsearch.rds,511f8d916693a942571d2e609be2d21a34e6bbbbd54af070a36f8f9f728c4ee8
rlang,Meta/links.rds,b2d1738d526c3f7f70ac8ea7ed6411e07ce9b05b6ea3acb2de1da59d8aa4d147
rlang,Meta/nsInfo.rds,92a8073b0dc889f1e66d0ae915d5f46da5a1653106c21b26ca9e6d5b3c1d11e9
rlang,Meta/package.rds,87ed95e3dcb546456c2ee68913944ccdc28eb9edbc825c5af95e1b0fb77e4ba9
rlang,NAMESPACE,2afbe707c2c1694732f28a2d4e913ac84f03c73351da8b1c58486c3e8fe11cc2
rlang,NEWS.md,ccb19a3b2eff03b185520b82f291c25ca161c8ad060f3420249148205ecb1c83
rlang,R/rlang,570ca456b280cdeb201ef5ebdf22dc8f80092e2c0c68e33c7f73340e420f3759
rlang,R/rlang.rdb,2a2e9da1d91584b5170eb29525bb5ef2d18de249729513e0e2694e4949adbbb3
rlang,R/rlang.rdx,010b7383736af51253b559e4b5eb91436e212e206cefa43aa7190bbfaec20f8f
rlang,README.md,1882060eb007929e64d87aaf4e48f7501d40bc7f75d5673a46c1f05560704134
rlang,backtrace-ver,44e161e4495cac2cf7858043e9e6418e9579f0ddcfae826f9a372622968ce066
rlang,help/AnIndex,061d4d9460c6a78feaedaefae93bbf383485ce5453658bf50e30d4680a3a444f
rlang,help/aliases.rds,a4cb6a9615c2e7e9e146ae383b102cffdba9a86b1fe531c69f46e4fd832af98e
rlang,help/figures/lifecycle-archived.svg,e51548be52932d0b0468f5b11adcbebac08663898a7c043871864b0064710e86
rlang,help/figures/lifecycle-defunct.svg,977a9d51157cf76f89e0d5562b8b57b06560682c4cc9e44333e9c394629fb520
rlang,help/figures/lifecycle-deprecated.svg,7fefe18cc3b7059272fa85ff40c4a95739bb271276d819fe782ac38db295a07c
rlang,help/figures/lifecycle-experimental.svg,ed1f8972de7fdeb5dedc1087ea043dc4953dca5d58f54286b4c0ab297eefbe90
rlang,help/figures/lifecycle-maturing.svg,9f33b55a1806ad5a3d565a0855a91b47ae26b7cf1ff0f025758bbd15b4c3984a
rlang,help/figures/lifecycle-questioning.svg,2feb00c21e12843cd1cd2e821c941628331dddbb26e34e58c40bb11dcffea89a
rlang,help/figures/lifecycle-retired.svg,a74f73ab22058d1f9f2dfd41857933759cf1b8e3d03cc18bf1eddc1ab7f2daee
rlang,help/figures/lifecycle-soft-deprecated.svg,3a1280ea3869c1ffd2aa92d984e197eb9ac823746d018f000c5d53117ad257b1
rlang,help/figures/lifecycle-stable.svg,4817300514459f5ac876b1a379c7bad15d6049e1a954b71455ab78d76b83ffa0
rlang,help/figures/lifecycle-superseded.svg,c425824d3301dc7d4dc0100d408c4b469f488a8488be748a1fbe61abae5bab9e
rlang,help/figures/logo.png,72af219a29ef2de94553ab7e3ad9fb2892c106e9c715fbdfd368048318bddf7e
rlang,help/paths.rds,924cc453c429cf9f45faaf03a523c1f0017fab66847be2afcc361a6d1843d099
rlang,help/rlang.rdb,a63bebd607eff637c9e1096d63fcc8380973c903f8f7237e64cbeccd32b8d42c
rlang,help/rlang.rdx,c05a7b630129ddd12572f5b62bac6381c2bfdb91e44f7e9df0aeddd0ea015cde
rlang,html/00Index.html,abfb011f016fd744d08bc3a923585493a7973c31b10ac44d8af5cec15bbe3654
rlang,html/R.css,3d290675266eebeba6efff07db879d699843c80bf428f9e71000e2fc6078f5db
rlang,libs/rlang.so,107ff2b86d6bc7c07c481ee1e7b5ed80be0e2e0147e428105f799728fb65141b
rlang,libs/rlang.so.dSYM/Contents/Info.plist,55ff993f36b88abeb1f6856a4d551f9b84d5c5363fe47360f08ad3b91e4d7fc6
rlang,libs/rlang.so.dSYM/Contents/Resources/DWARF/rlang.so,e60f1c88bff02a64ead1aa9fc1ee7d00aab14399e11a5e06dba4a0f0b08d56f1
rlang,libs/rlang.so.dSYM/Contents/Resources/Relocations/aarch64/rlang.so.yml,7e242c96c604ca8fb76eb59fbb9005ff02fa538ddd45a39f860273f247be7cd6
tidyselect,DESCRIPTION,33b25107207a385569389073b95dc6c09ad9441f4179ad234d618469b96621e8
tidyselect,INDEX,9ec140e8163f38abadb8fdf4743382fd8c8e58e708d142dff4c9fa281c874c64
tidyselect,LICENSE,584331bfefd34b51bffb5ecfd4f154eca37c642b98b34fe0bd5e80c077ba823e
tidyselect,Meta/Rd.rds,b607b7366f848a81e95a497ae655680ccd41d3f66e45b94f13f1806d3b23fde6
tidyselect,Meta/features.rds,04abba1fbf14e9ebfa5018fd8a740842010982b85aad6aef0f672275b088d982
tidyselect,Meta/hsearch.rds,9fd31139fada07611cdf07e2576c758820aec29b447b3f1601edd1c43bb30fad
tidyselect,Meta/links.rds,db58dc6c5043384722751bef03f6aee3a6812c750605ce586a55c4d81e95da18
tidyselect,Meta/nsInfo.rds,99f42f3b6c0aaeb4866de108593122298095dd5ec2b7b510110fd6e81e9dd2c6
tidyselect,Meta/package.rds,5407eaf145c93267d628e32d5c85315a9bf67ab1335bd070138db76dbafb2df4
tidyselect,Meta/vignette.rds,097c83dbb7c5b2efe6f89c419e229654c1cef9b28ff1152f7dad47b08ff48eb4
tidyselect,NAMESPACE,047a95eef9dc54141f0d321ba793f391b92ab31902c72c71c00c8fd1157d009c
tidyselect,NEWS.md,957915a2f6c7e877b49440ff5a5250c4f4330db46b088755214428078272059c
tidyselect,R/tidyselect,570ca456b280cdeb201ef5ebdf22dc8f80092e2c0c68e33c7f73340e420f3759
tidyselect,R/tidyselect.rdb,686c202853b5c0b9351e911e5a100024a3ac9cabcb5c72d8bebd3fa6d5b75e09
tidyselect,R/tidyselect.rdx,1e37df9cc7bda0e0297a5160daa8695d72d9997895018b3e372b1c6870ae5238
tidyselect,README.md,1ecc350ea6bdaacbd327cfedd1d82c55b26c0f382eb77a83173fc199b5ddca60
tidyselect,doc/index.html,7d88eef9d246105038087ecf2ba74a0faa19d993774a5a8e62ccf86f13c9d68a
tidyselect,doc/syntax.R,249ee395c6e143d89269cb4123d8069cb9c9e18c8d4b8b2a44fc3069deae2d1d
tidyselect,doc/syntax.Rmd,7d7bbdf190f750fab94f147e751f5918ac0bdec0b7b02d6dbb81b2b355bceb6e
tidyselect,doc/syntax.html,d9b70fb5da4ddab7dce6a5af6ec587615ef2a50d829733d6de3fe4b1fb78f992
tidyselect,doc/tidyselect.R,ed8ba42fb77111779e7985c0d1b28c2ca8b5178e00546345e53ca8a148f2da28
tidyselect,doc/tidyselect.Rmd,f0839a78d0bbbc4704f4688cee3a0ecc6ea11efbcb56a92ad6f44c30c60b78e8
tidyselect,doc/tidyselect.html,8ce09133ac5f1ecf454bfcac7d41a554cc9acb9813bea1fddcc0c91dd862f875
tidyselect,help/AnIndex,82643fd3b5638f00fcac2045398a71d9399d68d6e2e8d2b88f38e4776e8e18a7
tidyselect,help/aliases.rds,132c3191faf8c5730677d6434476c731d5cefceffe68a204f280000b538c260b
tidyselect,help/paths.rds,164536b0cbf71cadec256b59950a38d59cbb7902fc5e0a2b587f944de1240ac3
tidyselect,help/tidyselect.rdb,6e444bf15967d7160773e314f78c3846052d299c001f29792dc0f5454a597d0e
tidyselect,help/tidyselect.rdx,35460f85068b0dae618eb523d5f8affbacc8bb10b93593dc14c9b195ffb746b4
tidyselect,html/00Index.html,c51828ec426d942f193a5f92d5a126bc548ddbe2253b0826d242c6ad1b1447da
tidyselect,html/R.css,3d290675266eebeba6efff07db879d699843c80bf428f9e71000e2fc6078f5db
tibble,DESCRIPTION,7e84d10106f2669ffedc94fce3900c7703981ebeb838b32b40bfafff26382214
tibble,INDEX,3e53d31a099c288fece9bda8fa76b3eadb2ef52519df4d516421052cd050d2f4
tibble,LICENSE,30024b268600650b7f18647c65d34b86c81f36d08e850ca2840d53dabdeede56
tibble,Meta/Rd.rds,e878dcffeaef664c09456301ef0177a62b7e73dd38d87ddbdf2894fb071f56c7
tibble,Meta/features.rds,04abba1fbf14e9ebfa5018fd8a740842010982b85aad6aef0f672275b088d982
tibble,Meta/hsearch.rds,d67e8434b92eb252c8733d9368c80e14505b245e31f0eabdfe36b8cdb5554f63
tibble,Meta/links.rds,1118563a35b5d8d04a1d674518daae4a3e49341c2ccf1461de325163d2de7886
tibble,Meta/nsInfo.rds,d89859c79b1591cb8835fdb3e08d2e0a4bc9645193571dbac96f6c558321c543
tibble,Meta/package.rds,dc4962d3867b9d0ccf3d9ee2376493fb30c5fa03857d868e16750c11a7e0aeb2
tibble,Meta/vignette.rds,cbcad6c502deee2fcba3daf712a3d94392e62a6dec3e488ff0ccaeb8aebc62b4
tibble,NAMESPACE,4b94efd88281201b82788a32553ce32ab70acb56de8307993e08ac42ba24c8dd
tibble,NEWS.md,8fff268392f8f633226cf0f047b9924467ca9b410650f9e4887c5b16bf97089c
tibble,R/tibble,570ca456b280cdeb201ef5ebdf22dc8f80092e2c0c68e33c7f73340e420f3759
tibble,R/tibble.rdb,e43c1f871b89382fc2ca87cc5599b75f897399b37b9297ee587661e71f8795dc
tibble,R/tibble.rdx,af1344cc4a65b979cd4014e2bc5c479e1246316fcfee066fcb47fc6e9035ca6b
tibble,README.md,3f3d04ef714c95bf72a398ca7e43c44432f2254031af45435137d1e8747f0cca
tibble,doc/digits.R,284d44dacd226e2a64d6a2228795672773687489849be149be87328a636a7924
tibble,doc/digits.Rmd,0f6914cfcfbd34e67d153c6a9dc00f5c9a059762a1caac7085fdb336ec42578a
tibble,doc/digits.html,187ac1c18df42cce65757bc628b65cef47559a3f7ce7f12a7311055aea6bd94b
tibble,doc/extending.R,407ae1e12ea6531f67332073b99b8411999f2a9289425189357928e7f1b1440b
tibble,doc/extending.Rmd,cc44b0f7964c2b581f4becfd6157f796ee867866049ff64c19085aef8e709898
tibble,doc/extending.html,f222df6cafaaf4786415359634f464b2a2d34fda0aef6bddbbcf93b7e904e5d1
tibble,doc/formats.R,8bbfb6004832835aa2ca43ac1d8f3f17fc307f9598c22d2020acc27327f21fc9
tibble,doc/formats.Rmd,d96c7d014e987820b749821c05676301187a291c4eb46030eb25c54ed50224fb
tibble,doc/formats.html,2bc34ec7430d764b67fa74e12dfa761396e113286900bfeec53d1546f8b00ce2
tibble,doc/index.html,de4491f49ae0f5c71f2d80eff5d18a7a8e973c80ff899bad7da5ba2e8d199407
tibble,doc/invariants.R,d313656761d154b004ae3a8b7b1c1525a39bf932a9a4156b0c0da9e6784a6eec
tibble,doc/invariants.Rmd,db3bcf9b19d3d9ea9276621fc6dc376d95a33c70eb143956e54fb5c58853a3dd
tibble,doc/invariants.html,d5edb2387de90ce1da4f825992c5d635d475fd10e6c9a7d488dbb889f7fad258
tibble,doc/numbers.R,e451e8213287e4730904cb61f90444c3f84e81bde760d5a2b7642511a9cf783b
tibble,doc/numbers.Rmd,27f87361a253e5c05965845ea8cf3d2cd2cc3eec7c3c54a6485e7673af5dfe54
tibble,doc/numbers.html,4ec4fd37d8354ce3a4ac8b9b7f326cc13f2784192fb6c4482d614c25a07d0c6e
tibble,doc/tibble.R,6154808badbb874a667ef20bfdc27d88560dab73c8ef91abcf216872c32d3183
tibble,doc/tibble.Rmd,059dd46c46d52e923ca11fc71cf579ff56c7cbeeb9d3caf8cfc72144a0521944
tibble,doc/tibble.html,57baf81dc37bb0769e26c3c04edea8a0a90ceb70cff685eb0996cfb1d0b662a6
tibble,doc/types.R,ee49479f3754f0c2231974ebb5d8502e23c182ed37f4efbe0277c46d9de01cd2
tibble,doc/types.Rmd,b582c1db290675f087e0a86430a4b4b1de77ba0cfacd115ee09b83d8ffd29ed1
tibble,doc/types.html,fbc81a0f92aea4973846f4b8ff47ffb46fb76a8411b342b6824fbbecbf438d26
tibble,help/AnIndex,a04029694cf3be3a57a20dd2977d8fb746c0b5bfc0a33db37915fc85d8c92608
tibble,help/aliases.rds,b73fb06a4c74424862570a5d6107edfe87ac471f9b44ca5004e133cead0c29ff
tibble,help/figures/lifecycle-archived.svg,e51548be52932d0b0468f5b11adcbebac08663898a7c043871864b0064710e86
tibble,help/figures/lifecycle-defunct.svg,977a9d51157cf76f89e0d5562b8b57b06560682c4cc9e44333e9c394629fb520
tibble,help/figures/lifecycle-deprecated.svg,7fefe18cc3b7059272fa85ff40c4a95739bb271276d819fe782ac38db295a07c
tibble,help/figures/lifecycle-experimental.svg,ed1f8972de7fdeb5dedc1087ea043dc4953dca5d58f54286b4c0ab297eefbe90
tibble,help/figures/lifecycle-maturing.svg,9f33b55a1806ad5a3d565a0855a91b47ae26b7cf1ff0f025758bbd15b4c3984a
tibble,help/figures/lifecycle-questioning.svg,2feb00c21e12843cd1cd2e821c941628331dddbb26e34e58c40bb11dcffea89a
tibble,help/figures/lifecycle-soft-deprecated.svg,3a1280ea3869c1ffd2aa92d984e197eb9ac823746d018f000c5d53117ad257b1
tibble,help/figures/lifecycle-stable.svg,4817300514459f5ac876b1a379c7bad15d6049e1a954b71455ab78d76b83ffa0
tibble,help/figures/lifecycle-superseded.svg,3f20c14df4a11fed5c904d550701ea05391979d6a6e751d2b2119d32cd0d027d
tibble,help/figures/logo.png,e269ba035f67bea889fb52b1427969a3348f81677c20ea5af16ace28ccb2d8d9
tibble,help/paths.rds,adce29242d612c0eecf00731f86aa7703e3cc78d22e4c3dbf38ef90b35e22f56
tibble,help/tibble.rdb,3cf0816ce077dd72d03a716de542ed724e915467193b63f49d8b18c4fbd19d59
tibble,help/tibble.rdx,00f0272b3535cc68cadd9f63f889921441b7a538a5f81e57af16ea54bd550396
tibble,html/00Index.html,55b03e9f4cd6bdd4ccbc823410e0a4ad61a6f89248f21b824934e693219b342b
tibble,html/R.css,3d290675266eebeba6efff07db879d699843c80bf428f9e71000e2fc6078f5db
tibble,libs/tibble.so,a3e296481177ad6c5012316dc3d521536cc5a7c246a7184cc43c40df70c1d02a
tibble,libs/tibble.so.dSYM/Contents/Info.plist,a956fd66f1024e1aaf74328c23ca86a832d341c342d5334f86ccf1cf877cb531
tibble,libs/tibble.so.dSYM/Contents/Resources/DWARF/tibble.so,c3144e3aa1152b91fa14399c165f3231d99d204e31556e89225fe75653f34a3e
tibble,libs/tibble.so.dSYM/Contents/Resources/Relocations/aarch64/tibble.so.yml,2ce42486f863528089aa9b6046d3944bda9e655f0217516005a688f1fda71b32
dtplyr,DESCRIPTION,48fcd9e2e946e9bf7fec52319b519a24d39290509f319c9b406f9bf8a0f0b447
dtplyr,INDEX,2f321f80a96811630d3876856c21fb2c0692ee7b813a4161a78b62ee26f07de0
dtplyr,LICENSE,23398b563e2c844a06fa5e7a1f1cb6ef07e3921d0b8829300c5b19eb9dac3ee9
dtplyr,Meta/Rd.rds,c12a884b75a9a7eed9c6ac7e58d7ded2ea43dee2eaeda6c2a7fc6b788d78c72d
dtplyr,Meta/features.rds,04abba1fbf14e9ebfa5018fd8a740842010982b85aad6aef0f672275b088d982
dtplyr,Meta/hsearch.rds,565b9a9e9eaebdc92aca38692e69bf8b485150daa19c8765ab328c0b4a2df9b8
dtplyr,Meta/links.rds,ed29c30e12602ea5b9458ca2e4345f4a638025802c6162e4156571fdef2ed165
dtplyr,Meta/nsInfo.rds,3114641b8d4dc2f31a55ad61860837dd8bc76f2f935a69fb3c99d7a625c334ef
dtplyr,Meta/package.rds,b496422d3bcfe0fa5dcbfca634dbe09e60c39ec3d92bdfd62750a9a46ae1aa05
dtplyr,Meta/vignette.rds,9a51e12aded5e4bfddb560789e07318b2b5b166cf54e5fb92b2b7ef333eff037
dtplyr,NAMESPACE,36f263d54ccdef038545bde93163c36163554bc8c38118c9b79f1a0fe4f9356c
dtplyr,NEWS.md,1a05c608d5867528fe50b1fb6c6bfddedfb42807be4c316c45d1861b3c568e56
dtplyr,R/dtplyr,570ca456b280cdeb201ef5ebdf22dc8f80092e2c0c68e33c7f73340e420f3759
dtplyr,R/dtplyr.rdb,4f657bbbdfcf3f94bc1966b50948542fb3c362de3e1795c8eb1bba122f7e3772
dtplyr,R/dtplyr.rdx,a288e658097a29835292a0443d944f8f223aa089af19183684802555351f41f5
dtplyr,README.md,afd840ac2112f2685345236325d76dcc08b06865ef92ec730276cfafe0068035
dtplyr,doc/index.html,f7d13b3b2fa21e0a71e0e65ae24edf4733c25a46255b88a727857d2a30c9f32d
dtplyr,doc/translation.R,e4a41674b779c9c72b1ca1f4aa6cd91a9fcded4c707fa012eb5ed5fd6c63a60a
dtplyr,doc/translation.Rmd,3da72d5f5ec8d967e302579776d9bca72f0a93be3c9ce861f9ddcd98a13ea187
dtplyr,doc/translation.html,565e9db4e77939c0584f9657a91bc2e543dcec4b795cc959d3205e0ab13c8ac0
dtplyr,help/AnIndex,a7a30c97987af6fa504abe2896e939c336a4b6c08d6661e63790a397f6aaac7c
dtplyr,help/aliases.rds,c01534f11e689bc3a4b432d95b0fe6e177c0fced9ecafcaad8ea6f5f61e5f66b
dtplyr,help/dtplyr.rdb,011af8ec8ac2974519a513afc5d0fa5c285ff50c7b3c47004e5a0d528ca905f4
dtplyr,help/dtplyr.rdx,6511d1f4029428c7fe1bf5c3ef8710d7f1f4b198036602b3ace832abcf361572
dtplyr,help/figures/dt-seal.png,327853984b3c4e79c5cd8739244eecd1eba9281b15272142449c80ad470fc410
dtplyr,help/figures/logo.png,e452cfa6d17568d3af79606fb3cd6dc95e0f49d03d6aab15061eea01e357a4cc
dtplyr,help/paths.rds,dc6231d22098dfd9539b2dfbe98db428f6fc797577bbb8300375de638785ab8c
dtplyr,html/00Index.html,da149cca49d9b8c6ddf35513dd0dd51577a20bd03bc3525819946cb75c28ffaf
dtplyr,html/R.css,3d290675266eebeba6efff07db879d699843c80bf428f9e71000e2fc6078f5db
data.table,DESCRIPTION,81b10735dca2f6538c97be71d4156f6e7375581c35b36eee05e6e10adc7c0fb1
data.table,INDEX,7094658d42abe47ae02e7299f9192fac284af66fb3cc150ab74c9205e89f1e39
data.table,LICENSE,fab3dd6bdab226f1c08630b1dd917e11fcb4ec5e1e020e2c16f83a0a13863e85
data.table,Meta/Rd.rds,2c7fa7a7ce79b0292619b367322f7b5f3e2f4884fda07ad47743f7edb13c4463
data.table,Meta/features.rds,b4f074bc0f45cfe56d976c0d67a1453067f4b34693828ed02d674a6641b3e332
data.table,Meta/hsearch.rds,42f0ff59b6cd0a780b521185cb13178a6c66daea359ab4fd6a14f1e19f5589fc
data.table,Meta/links.rds,0a31b92d19887d48bb9cb0d19933d6b21661f387e7825ad6b3672624ea0d7d91
data.table,Meta/nsInfo.rds,aeda2abdee3ee163dced94a9ad56b1cf050d9187d59d1a8ffef1696fe8dd62db
data.table,Meta/package.rds,422513e60a4d8950ae8d1f4de34f203b5810deb2c8a53e3916f67d9f650a3479
data.table,Meta/vignette.rds,e5234d72cb094136df132334c41e9b62a4bbadde5ccb7be96e904d35eb4179a3
data.table,NAMESPACE,8b83171532eb25c1555b4c03bc3dd1433dd0d81c0c612f2b3256caacef897df3
data.table,NEWS.md,fe08303c0f2754768fe9f60d8217bccdf8b9755f3bb01a1f5b05061b89f525eb
data.table,R/data.table,570ca456b280cdeb201ef5ebdf22dc8f80092e2c0c68e33c7f73340e420f3759
data.table,R/data.table.rdb,0224fef4226d6217215288a20e5f3485e0ae19be7fac77d3ecfc0ff9ce3e0697
data.table,R/data.table.rdx,8392a1945c3401bae549a872274c71f1fbbd8b9008b05e3386e4ea7b0227a6f2
data.table,README.md,de184801107c8ccfcc2d7080ed0ff8bba3b47aa3d698d3dea8d456bb2e7a6eba
data.table,cc,b2557171ffa570b1683fe395ebdf31d22d37c1839c79bc7703749ab1e8e9486b
data.table,doc/datatable-benchmarking.R,c81838111bf1fe9ba47a2a799f923ff38cb314e433c2ba54a8b6c2c8125860fe
data.table,doc/datatable-benchmarking.Rmd,afeda85c2ecad5bcd5277b182bab4491736a7775757d89afee2c996233c3bb6e
data.table,doc/datatable-benchmarking.html,aa2be691ad0f4d21490e9b3b4cfb9067819555413f239ea8f9c47f6784fe4f94
data.table,doc/datatable-faq.R,b1e49af0250fd22f65f232ac2e466dc69a7f7f23e454d5c907aa5a549772a794
data.table,doc/datatable-faq.Rmd,a9f7d56539b35364f8dbab2f849280b2408a28a4f1847d58341e822d01e8c4b8
data.table,doc/datatable-faq.html,e60cddf922eb9ef76367b7ce9baa4b4a5e911075d3266bfd5c84fd86470823f0
data.table,doc/datatable-fread-and-fwrite.R,5e228ec5ff088f723ab0f8625c9986af2a7b6f136f670b47e04bf712517381d8
data.table,doc/datatable-fread-and-fwrite.Rmd,affb3598e733e8eadca27c1334339e395baa8b6b868b3e3ef9c5d5677dad29fc
data.table,doc/datatable-fread-and-fwrite.html,65932abefc6bba91f0a26e11009f596a584aefdd51b127cdd9111f1e0f679d79
data.table,doc/datatable-importing.R,c81838111bf1fe9ba47a2a799f923ff38cb314e433c2ba54a8b6c2c8125860fe
data.table,doc/datatable-importing.Rmd,ac2aeedd3fc5c298f6e03861de738fe5541ce41136a03badfe9e237e4165a71a
data.table,doc/datatable-importing.html,77752ed876ffa7d6fcce673bbb0caa69a9190a42c1d84909677c86371c7bf949
data.table,doc/datatable-intro.R,ba8932a5a4769ff4791d44c3525fea48f44def599e2d1ff5c4e83348f57fa8b1
data.table,doc/datatable-intro.Rmd,af4169e699b7515c2a91ab2281de59df5b4516387da446a3eae53f5d65ed7aa8
data.table,doc/datatable-intro.html,9d5a2c465709ee9fab2fd74c7881ca9198104a16d16cf4812f25b03594ff2b0f
data.table,doc/datatable-joins.R,bedac3db10c876ed8ba1c9ca0bc00c75d9c42947863f076b24c433e9e842ba23
data.table,doc/datatable-joins.Rmd,54998fa36fd5d9183a08d1008e3eeabd92d05a0eda2050b91417e9b466f65da2
data.table,doc/datatable-joins.html,7a460536628ed8a1de2de9e6ff75c814570257b7c79058ce080f85d8bfff21ac
data.table,doc/datatable-keys-fast-subset.R,f323275bc3562276a84c1378ee5c97df427001732986aeaacbca7ab7394db1c5
data.table,doc/datatable-keys-fast-subset.Rmd,7ef4a04c446ab209e582c7dbb07cc35481e933b1842250c8d473ef2033ef7d10
data.table,doc/datatable-keys-fast-subset.html,47ebafef87cc4cca0e1957e6c1860083d055f0985e6499c40493aacfe11c0346
data.table,doc/datatable-programming.R,62b46a421f94f84a826a128faef3ec9d87caabe377000ae4edb55dac2044629b
data.table,doc/datatable-programming.Rmd,0ec02b6121332e8d7b1959048b8abda48aeb73852df5d7fa14a77dbceee01bd1
data.table,doc/datatable-programming.html,5d5d5f74873e09b27c1c6cb4d5788ac61f4f45651aeb54d3cda48fb121034b09
data.table,doc/datatable-reference-semantics.R,d1497a341a42ca084af0278c7dcb87853c3e5b28494e2d0874560820e5663a99
data.table,doc/datatable-reference-semantics.Rmd,1d5b83944c3c8b86acb29e4e344479242625768e4fa6cf36274395674cae713c
data.table,doc/datatable-reference-semantics.html,e36fd0b7f95a2b79a5d6b837d1137b9eb00578c9bea0c71fd513bd11ab44c822
data.table,doc/datatable-reshape.R,c6f7b2b290f2797011e741aef87ea99a37251361efd014be081bba9bc5f9ec3c
data.table,doc/datatable-reshape.Rmd,f127b3151e51cdf385a2041d138c271762c5a8cb3b73b7c9410bbbb6ccfa2ccc
data.table,doc/datatable-reshape.html,569569a68a65c101c740e2ed349a8e1005a2168a4ceb33cac39ae946fbdb6e2e
data.table,doc/datatable-sd-usage.R,00465e74768e076740fbe211355b0c190fd6551bf22aa9bc52a141733934281a
data.table,doc/datatable-sd-usage.Rmd,750d95b66cf21d8917eb7030b42b62b961cc284a80ba8661f7870904b223be25
data.table,doc/datatable-sd-usage.html,2c9bf06ad76170856c6ede7473cf2e697794db45c7419bd31208f90ffcbe3b7b
data.table,doc/datatable-secondary-indices-and-auto-indexing.R,2398cb6452dd51efe0ea000db766cf06da18e03eb63b032be00e2aa38efa47ee
data.table,doc/datatable-secondary-indices-and-auto-indexing.Rmd,a1bcdb60e0180c2b386a7ac42a72209b2a2094f26055f7e1121fe49722fbb5da
data.table,doc/datatable-secondary-indices-and-auto-indexing.html,bbdb109039c48db35afef1300b5f121a7d213138c5f113bd2f2ec12dbf53aca0
data.table,doc/index.html,08f9796075f33396cd4b12026cd7c0509c82301a92d207b85a85e79252f60d72
data.table,help/AnIndex,3f25fba01bc7686d85b97eb5f9182f4e9737a6979a484eb9cc9637f080492a03
data.table,help/aliases.rds,7f1091aad44b2950506c490f99903399e73838ebf69a42214386dcbdca2da10f
data.table,help/data.table.rdb,83c8fe50cf6b7a703c921cce0e354119cc99eab0898598615da8bd54c5860af2
data.table,help/data.table.rdx,eeb5efa559640bbb227831cf3ff49b3deb9799e33b4ee8ea4267ea108a19befb
data.table,help/paths.rds,14990b0759b6abc0738c45a265506b617a9b57879362d56a5bf8f6ae6deb19b3
data.table,html/00Index.html,5d14e29f28d2148045139833d3f616481c433dc52ccc4dcfad5fd06bc2aed276
data.table,html/R.css,3d290675266eebeba6efff07db879d699843c80bf428f9e71000e2fc6078f5db
data.table,include/datatableAPI.h,c033afcd37e80625ffd2367cadc048d481fcd873abab80236de4b82e471b9448
data.table,libs/data_table.so,b301fd013428dcf5ae51449d7c24839432cb5b12970cc27239757741b3ee81c5
data.table,libs/data_table.so.dSYM/Contents/Info.plist,960e7989d1d36355b24922a9e3f2943693fb1b306e7349e10ea3d2c73ad6cd56
data.table,libs/data_table.so.dSYM/Contents/Resources/DWARF/data_table.so,c2d29a650fccc0a30008e8287ec69a189c748860bf7797517b7606f84a35377f
data.table,libs/data_table.so.dSYM/Contents/Resources/Relocations/aarch64/data_table.so.yml,7db91c5dee6b3f614072b40b35194295b09809a28d5b5d806ec2861cd7398b1b
data.table,po/en@quot/LC_MESSAGES/R-data.table.mo,ef8e4f2bd1bc5004bd2dbeea56eb63f444fbc35dcecc9988c79a9faeec45c335
data.table,po/en@quot/LC_MESSAGES/data.table.mo,7ac208558774cb9b5147bb37a949747d7c015f0aabb35e9bacc4b05236c42337
data.table,po/es/LC_MESSAGES/R-data.table.mo,0a97783d00880ea442f1326df9bae5d9dd6698b5f406eafa4cf8807c566b909c
data.table,po/es/LC_MESSAGES/data.table.mo,b5b92bb040d7b374dd249a541c0ba4c767058dde793cd0dd4deec20cb89e41ed
data.table,po/fr/LC_MESSAGES/R-data.table.mo,1c310db90b41440f6b77901d8465055ab2326402a30b975237329ea59cf91394
data.table,po/fr/LC_MESSAGES/data.table.mo,e84a9318183beb09f85959f9becf6cd0748c56ea20430fa90f3baddb1ce9d4b3
data.table,po/pt_BR/LC_MESSAGES/R-data.table.mo,554a5887f1693ebb70e2b444276f74244645e3dbe6ffba9fa08dfd3752d710cb
data.table,po/pt_BR/LC_MESSAGES/data.table.mo,608c2ee4b80f5695abf3f18be74a8ac3f267138d30caca677ca6e64d8e1ff48e
data.table,po/ru/LC_MESSAGES/R-data.table.mo,105f354226df12c8a10a81c8bad44a15614eaa082c1dfbff0d7694d215a9f44f
data.table,po/ru/LC_MESSAGES/data.table.mo,01d8f6f3976e21f3946d5e5be97bf0e4239c65a957e77b452e655fb38e9ea8f8
data.table,po/zh_CN/LC_MESSAGES/R-data.table.mo,db607932e3ecacb83be491bf0bd3105b462ed9d49d788fa92315dfc3dfdfe6f4
data.table,po/zh_CN/LC_MESSAGES/data.table.mo,cd741479148ef9e89c82cde3281271fcbc29cf7d165eda179cb1f9445bf143aa
data.table,tests/1206FUT.txt.bz2,9004518a86420bcc314858307b99dc209892cb14d600302d5efd05e90be09fab
data.table,tests/1680-fread-header-encoding.csv,9e77a48f13cccec910ee3cee46cba0e6b457480d01c376e4d9e98369921053fe
data.table,tests/2008head.csv.bz2,a076159e9ca77fdd27039f4d7f95d7bf9e62551d171bdfbc1cce71654549cd37
data.table,tests/530_fread.txt,62525b2423d71f93ff11bd059517b9a61dfbf25c3e244860724f61dbf3b742ce
data.table,tests/536_fread_fill_1.txt,6f1348cc9b5b8951c88a7528fd50bb15d76f501d283c8876a8ed52ede8b53975
data.table,tests/536_fread_fill_2.txt,aaa6d756b4a6ed2bb1bd79b8cee6198ad21de46298c6111c421ee1c4eb2d0c34
data.table,tests/536_fread_fill_3_extreme.txt,2ead60738955bc35a1b54029366f3fbe15fc87e94e19e3842d806c950ff13af1
data.table,tests/536_fread_fill_4.txt,b6250a494b225967b2412017874244c4885a59c5f1796db78a0d934f5532a59a
data.table,tests/S4.Rraw.bz2,b8f2565c673ade535f9c737adb7af1ae080ffd1880a89d38629a907f64a8b5e3
data.table,tests/SA2-by-DJZ.csv.gz,ea8d3f9d5d893d6594fb2af78727b38f37f9ff71fed0e6265d3a87cbf7e28f24
data.table,tests/allchar.csv.gz,24b573930bdf6874f92d60de1d1759320ba40547af9c5dc3d4998abe54f7aacb
data.table,tests/alluniquechar.csv.gz,99702619a0f4e2c6329918b4f386a4b757ed37e690e719b7c576d49952cfb3f6
data.table,tests/bad.txt.bz2,91dd2cd13b7685ace997e793536a5a1ff9e7eced165d3782b0cbca621ecaf640
data.table,tests/benchmark.Rraw.bz2,4c4b0bdb1d38738065f19573c07a071bf365624c4a2b760cad001c62928ba04d
data.table,tests/ch11b.dat.bgz,475b79fff26116156394a6cc9842bce8bd838714f55c496a75ceabf17a69cc3c
data.table,tests/ch11b.dat.bz2,d7acebd38daa681c3f4d425365eecb917806d63249d721a0e788dd124b9b2370
data.table,tests/colnames4096.csv.bz2,b20135dff852e00128a74c6decd80a753df4b7575250ade5a5b4103e6491a62c
data.table,tests/csvy/test.csvy,74012572cd618d8bafcd3603b2a88dd3e04eaff49f88fac601799933dbe5728b
data.table,tests/csvy/test_attributes.csvy,7a1c2c072dea0f87e5a6b706591117d042c450782f8cb99b425562bfd01a8879
data.table,tests/csvy/test_comment.csvy,99a9c9663420f21c35ccb866eec52d42946116648c0bc33bc4c4f02829be69b6
data.table,tests/csvy/test_extraneous.csvy,a8aa7b6199abe50c774bdefc89439fb947997ed9b7c4066a3ea81cd8084c1a7c
data.table,tests/csvy/test_incomplete_header.csvy,19c7f93aba845310857d519ae54a34b1cb8228c9e3b479c7bed15bdb8faa003c
data.table,tests/csvy/test_missing_type.csvy,1d4e5a9164b574af78ad1f8ac1e527341f3835d950e329bcbe1769529a820783
data.table,tests/csvy/test_override_dec.csvy,97d65df99a61c1f852238721d4a60bd7409390de39eb079dcb977a5880ab0970
data.table,tests/csvy/test_override_header.csvy,16945b1c33db7e1150c5291eb000f718f5c890b5b994162fb456968b311a52e9
data.table,tests/csvy/test_override_na.csvy,91dcc58030cc1cc0179e4a3482794518e9d129dc1d957a24e35a2a38d6420f3b
data.table,tests/csvy/test_override_quote.csvy,1e32c57e2953dfc15c28af0cb4c22d266d1a1ced4939f3af47643afd287d8cdf
data.table,tests/csvy/test_override_sep.csvy,af4e0c662068d89d2c6d5884b3cdc592671b735b78fd22530d0c141207b993bf
data.table,tests/csvy/test_skip.csvy,e8b80370614900da6c402e8cbe79de3c67879ddb1b54c9ed8f57857e302546db
data.table,tests/doublequote_newline.csv,dddd2fc2e0d3dccb003a6c4a8c9f9f8aff06792dfc400818356b61e7a984eccd
data.table,tests/fillheader.csv.bz2,7144d47d7135e134cf33000b64f0dab12e0230f114d9a612fb35aa220042a72a
data.table,tests/fread_blank.txt,c7e7888a5dea3a263bba0ece55a867bc0e8cdd06726aa905673024219cb1b0fd
data.table,tests/fread_blank2.txt,960f065a5e13e62fee834d266ffa6b51bb3c7f586dccd1e9cc6e3cc0e7c4c97f
data.table,tests/fread_blank3.txt,10e595b40642f76863493e1c1b9a81c772bcc757674b1d45c0751c7a7cbdd867
data.table,tests/fread_line_error.csv.bz2,2fb68a3f2b74da498ac9089e4ef1b15f002528684e720eb5da4e523d01f494a8
data.table,tests/froll.Rraw.bz2,fefc3f6da2521db9cb46cfb49cb1e537916b8f79d22b37bb9c8713bb5b241b2f
data.table,tests/frollBatch.Rraw.bz2,bbe1e202da4a535126c162e3728c400377f1065b52fe3a59318b598b64e861b9
data.table,tests/gb18030.txt,2800f1baacc4a6df0db049299b2519cafcdaae7c8e3162ef34e94cd8259469f9
data.table,tests/genotypes_genome.txt.bz2,9faaaa0a91e4b496869b78239db334c46f69ce702b0c9778904478d179440944
data.table,tests/grr.csv.gz,285335e62e46c3869f512f7c289ce1df62a59221387d0ee6d4f454487d9db96d
data.table,tests/isoweek_test.csv.bz2,1bcaffddac5ad152b8e71cbeccd8df81abb4bd53e39971da41f4df6db71d2afe
data.table,tests/issue_1087_utf8_bom.csv,ff09da1628743460dca9fb5c2eb0fe93a9c0e72aa3dbad32d77d71a4c6149063
data.table,tests/issue_1095_fread.txt.bz2,ca2962c9238adb67c6dd71398271dd3eaa95fb7636d035c14bc9f212a6b94632
data.table,tests/issue_1113_fread.txt.bz2,2ebe07df372f17ea96ffeaa96843ea5a1bb3668249a805d5829d4c9bc641dba5
data.table,tests/issue_1116_fread_few_lines.txt.gz,2ae9f547e997cca921b09c3d7ed7d84561dbd1b6d3701c95764de4944122def4
data.table,tests/issue_1116_fread_few_lines_2.txt.gz,e2aa81cb65d7814593a8400b6d4f8d569b3aea9e2e8bedbcb238014e2a163b78
data.table,tests/issue_1164_json.txt,0b3273fcbb92fbf3baeb7beaf0ca7ea7a172dedb7ad96797195c954ccc5f0dd9
data.table,tests/issue_1330_fread.txt,d87014a21f45d0f63b92aa0300725c089bbb2769a91eb928100638945c238857
data.table,tests/issue_1462_fread_quotes.txt.gz,7d14eb4a817db2198ce1277b8be959babbb21fa4f6ae8341524f7dd0a19a01df
data.table,tests/issue_1573_fill.txt,5498b845ed73f9b2e956b2d804166210c2b42ff46dc7e0fdf3247dc4c9f1cfce
data.table,tests/issue_2051.csv.gz,35bb7281318fd2f30db4c6c02a5db24a3eacf0fad7eb58b2115ecfbf6806ef5c
data.table,tests/issue_2157_sampling_overlap.txt.gz,8c94661f3ac955765db46ea7a8cc6c973baf98bc36be1bd284f047e4fc82069b
data.table,tests/issue_2157_sampling_reached_eof_early.txt.bz2,f752155de0e03c1910c5d1e43411c662d8785ca3f3e5e85ef26b03f9d3f39409
data.table,tests/issue_3400_fread.txt,6b43ec7cbf8a73ce3885c60394e0d92751e4fafdb53105e64f4437eba5e18800
data.table,tests/issue_563_fread.txt,b7350d4cb578ee0179185718c4e84679bd35dbeabf451385ce28295b056446e8
data.table,tests/issue_6729.txt.bz2,3426651202290aa63e2ca8aa788b7b5803fbc11851706c2b3c6f5a49a173ebc7
data.table,tests/issue_773_fread.txt,e921a6bb77f5b55b516bc3b26208d48d98adb048ae1cd43e35cd3ba841a65c83
data.table,tests/issue_785_fread.txt.gz,f30e6c6bff23604a9d460d818f28e79d1694334419ac910fd358ca8a451af555
data.table,tests/iterations.txt.bz2,9d413c1713826523cfe4a1e034485a6e4f40637e2c4cf438ed8bf300a2721a7b
data.table,tests/melt-warning-1752.tsv.gz,0cc817182187c361caaae3c5fb8f9c5dd40311bfc6eed93ea15fad6c06e58509
data.table,tests/melt_1754.R.gz,933689a66507534f034c9606178483ea4db93862bb680804fffa0fc0029b4224
data.table,tests/melt_1754_synth.csv.bz2,4b2304cf61f978d224d353f4215d6746db88d96362b5a3cea532fc1a37ed401b
data.table,tests/mergelist.Rraw.bz2,2532bce8ace4a04505b745b5e44e0e2c5d56b1c23205a8f7557c612be81201d1
data.table,tests/multi-file.zip,0a66d9c8ba5b808fa900dfdfa37f50b4fa5aef587d23e4d4b1e2c36043b5446e
data.table,tests/nafill.Rraw.bz2,d40da80a736d084adb0291ea9c2f536f7f63fd5bccecdd8d9968cbc84011ac59
data.table,tests/noquote.csv.gz,88a0b3e72a69c53a57d43b9de9bd1f929a109c5567efc4b02d4ddc48064819e5
data.table,tests/onecol4096.csv.bz2,c704ee9c622c80931fd9cd77b585709481684a823fd8420c201df0874b7c2c94
data.table,tests/other.Rraw.bz2,7a45bda85d0f3c863cdcc6ef475c2ff779280b700993263e9014cce745ee80df
data.table,tests/programming.Rraw.bz2,ecb6166d1da2083d16258f0c4bc2ea0038b5fe13068d08adcd14da1c945e91f9
data.table,tests/quoted_multiline.csv.bz2,9928f85e21ff57e18594e86f82c2069432fbcb466f72d9ff301ad44edd65fcef
data.table,tests/quoted_no_header.csv,a3702f854ee4df14ef9f1574684b672f39ad616b1c93840fac2f451a74d10654
data.table,tests/russellCRCRLF.csv,82f35de49c8cb9b5d654e0ddac2d1f570f53c8b22c8492b8fa02216b168d9132
data.table,tests/russellCRLF.csv,596e07e79c8104f033823fcf32296b16af6479dfecab078688db4cbe54076bfd
data.table,tests/russellCRLF.tar,a2f5561ca07724114cbc92708faa749f33836b367b1d6a5c7ac49bc5ae83611a
data.table,tests/russellCRLF.zip,787e958d280c921a6c9dff93a465bfc28f00cdef549663b046c5e1b7bbf9a388
data.table,tests/session_aborted_fatal_error.txt.bz2,7ffbe2bc5b6a4c33ac640a515e8eb7b156c496a4189ccb57e5813d5c6629bb11
data.table,tests/test0.txt.bz2,7acc847712238ddac9f3f03d482a997df5fa96dc77a47b7fdf5770c72dca4691
data.table,tests/test1372-1.Rdata,b0f7db0852262e8dbcdd623b8fc0b1dcd47e433f2eb492e05b266d0297ea62a0
data.table,tests/test1372.Rdata,a6752c11701c697b8b9f65ac73787670f56d2b12d30976568aaec70c219358bb
data.table,tests/test2224.Rdata,64353131167756bb7d057b9ed3ccc58d7f52221919a8c98c47fbd01d8e68f9a0
data.table,tests/test2233-43.Rdata,f311d4fd001bfc2bada82045ae36ed3e2e9cb11020183b894f1d1ebd044adf3f
data.table,tests/tests.Rraw.bz2,541ba1467e4a95f78c513e12d7d29c92f4919e7dcdc8226d367831b09ce4673d
data.table,tests/types.Rraw.bz2,5544b3fdbf9859baeecb9b445445ce222241450a0fb9800fd39f4581c7808294
data.table,tests/unescaped.csv,0de1848fcaf47cc0b5d91f3f52885edba7829f6c6673b7da8cf3eab0e6a164e6
data.table,tests/utf16be.txt,1a9ee4d39cd5aa9b735930eb22c8a5c6280f954ec1e0c33eb756883d5c055e74
data.table,tests/utf16le.txt,aa522001cfee496432cc74343e8546e0e97499c517823d4c1e4bf19b6c6109c1
data.table,tests/winallquoted.csv.bz2,d7f27e1e6e85f0967005607d76d0ad0d91f2439cede2d09cc52d4ec55ae9e428
DBI,DESCRIPTION,af62bbc47396f423a7cc3e53880682a06d7c28b5a1cf6bcbf6f6c2c1034859d2
DBI,INDEX,3c588f988c5b0e61302f911ccc69c0d1e1400ba84848fa965a8d28f8fe8bc73d
DBI,Meta/Rd.rds,95e2b79c98c57d754107aaebc0715698230b3d3bd9edb35e4bcc52b0ccdf46db
DBI,Meta/features.rds,04abba1fbf14e9ebfa5018fd8a740842010982b85aad6aef0f672275b088d982
DBI,Meta/hsearch.rds,b54c4c21d2e1dab76b4492188fd48ac65bc30fd8baf061a0c448ea26e49496b7
DBI,Meta/links.rds,f63982f2ccb1e9a0c3d77c2e00f384c57b64ee2b36ddf16a4181305f33322fda
DBI,Meta/nsInfo.rds,924c6556f9a464803d961f75b8765b85d9486d2864151f9c227ad442afc66a02
DBI,Meta/package.rds,e55eff0d660d6678500a4b131a53a2ae65c0adfe3b31a846de21b4dc858ea790
DBI,Meta/vignette.rds,b46b2426cf5b18f0290baa3d0744a965790c4bbe97ca12f4150cfbf60ac3cb7d
DBI,NAMESPACE,7be0aab013580a78b030d2dc51759a3dabfaaa7ffa1f100bec3cfd853e8828b0
DBI,NEWS.md,b01f1bf18df3f449e23ec640fb41c53e50862c1c0495dafd06c60cb12971107e
DBI,R/DBI,570ca456b280cdeb201ef5ebdf22dc8f80092e2c0c68e33c7f73340e420f3759
DBI,R/DBI.rdb,e81d213ace3ffe47d0150eea653d8d12095c1943a665f6a7daa16fb59bf530f8
DBI,R/DBI.rdx,380316543b54248aaae8b3701fda24dc34cb261f49d21a34f2641cc661d3fb7e
DBI,README.md,06d5c9432c1b8eca8a161663e5c750609a46d37caa1d4c2897e9f5e13c654591
DBI,doc/DBI-1.Rmd,6089cd4490ccb685f5657c1ed90d1ec2c848507c51991b987980cd8c416f482d
DBI,doc/DBI-1.html,61ab75e2c7ae1706fdc9369a253e04a04d317ed47b166a07850f4367d77df679
DBI,doc/DBI-advanced.R,6d6bee069354a3550860c0f31cb0226f07e848a640265d579a86074a99919706
DBI,doc/DBI-advanced.Rmd,7ad3564a650ffc2ea840c65cfc360889c792d29dd52ad4223db4daa06f8bb268
DBI,doc/DBI-advanced.html,defa9da4ccc0ba4c7af8e6d04e6f3d476df31d2542af9580a34e4b2c62fcbb27
DBI,doc/DBI-arrow.R,470082859063942f455338182ae28ef84a88925475e239632fec1cd5dfaa0b11
DBI,doc/DBI-arrow.Rmd,1c1fc91991445a3a6f45b9f40294b1b784b0a253fd2a412cb536690cb9689014
DBI,doc/DBI-arrow.html,8e71e9a390a4302cdeee3163fc7ed270c4e859e06c46234a1f3d43ad6c8893e4
DBI,doc/DBI-history.Rmd,a5d79cdaa8f20d42f56abf5fe7c6f8340fed2a6635a34aeb803b0a6a3dae70a8
DBI,doc/DBI-history.html,93019228830cc5dc4ac7e5b6a8d780f42e139bdead989e88aecd3c03c1df61ad
DBI,doc/DBI-proposal.Rmd,2e99a3af06d5e356b9523a9d73c382cb451a642370b6079da413009b676e0209
DBI,doc/DBI-proposal.html,b667d235d6da2834fd7b1b6f5546e4d75b0de5b27096ae392ec59d4f22757db9
DBI,doc/DBI.R,b7e8e6ccc52448dbce3a2c694a7e50da31f266d1071f724880e09b8e67dd4a55
DBI,doc/DBI.Rmd,c19ad17e14693403535b41b617e0640730e8a6c334bd881dc693f08e4aabdef2
DBI,doc/DBI.html,4717c961d14798ddd54d01593e946c3f4c26f3ab352cb8475dd5699d9f41d54e
DBI,doc/backend.R,2cf1819a3a5ed71d0f8b06d8b1b62e57c4b9942760935e598aae6fe0c74e6961
DBI,doc/backend.Rmd,6eac8b72f7e477cf74ff18ac03d60f985645e8563bd3859859cc1c8fdb519311
DBI,doc/backend.html,8826fbc3e3de924501922b6b3a835660e5fe7e3cff6c607f758522e74f412232
DBI,doc/index.html,6a42499dcc96cf5889aa189dea9f1527d3955ea43f002a6b74379c14cd3418ce
DBI,doc/spec.R,7a1f3c115d6b0e53820d519225aee22f1a6b2dd58d38d514b824f87ead54a469
DBI,doc/spec.Rmd,bfa4c6bcb2c950ad765d86a15bd54aa7651b94e8ae731cf510157e0b9f15c235
DBI,doc/spec.html,6b8962da657409cb855a5427edfe58c98d3115d788b31a8c5577674e29606956
DBI,help/AnIndex,f387b787939c27db9a19138f43f7dd898fdfd7b349faa21cfaad09db1ecd09c9
DBI,help/DBI.rdb,f7d711506f1cc15f2268982032c6b8f0f36c0b99b98570e7e4aaa729a42d5035
DBI,help/DBI.rdx,9fe13c0a7fcb3656ee56ede43b6477537154b46bc3d9ae8b4fd416b0d17fed0a
DBI,help/aliases.rds,96da3f22e9b3a94b871e5072822ff8a520d4f8f7fc2fbb3957857bae33200452
DBI,help/figures/lifecycle-archived.svg,1f91adc5fc098480adc7ae083713d15e4e6d4915a5c6a1ed6488145c480917e9
DBI,help/figures/lifecycle-defunct.svg,7d6559cb01f8d78aa1e1cb416167de90ace6d1441d3e088062dbedf9891fd69c
DBI,help/figures/lifecycle-deprecated.svg,b325b309900c9843a235f147918eab4f3b9bcca228656ff16c48bfd067337481
DBI,help/figures/lifecycle-experimental.svg,ee207407774f49e01a44c86370569aee540c468cfc00b4e1d7fa4c9c9ee626af
DBI,help/figures/lifecycle-maturing.svg,7edd59bc4d9fb8d901894a301aec9a9cc0b5e0144239074ae9da679c2a19003b
DBI,help/figures/lifecycle-questioning.svg,94ac10480d97a8bc0b8e625aeb38d85747c77648f0c85b18f119957545f47552
DBI,help/figures/lifecycle-soft-deprecated.svg,44f0804365bd36ebe44f91426029c4b11a66c389cbb9e1153cd1f69afa63b4c2
DBI,help/figures/lifecycle-stable.svg,14e0bf4e2a6945ac25e73aa3324b47f414fc3055faec1ac20e8f7d2c1badacba
DBI,help/figures/lifecycle-superseded.svg,a471d61997868b34d1af241fb4195ab348118046f6df3af21fd8a961ea0c248c
DBI,help/paths.rds,76d667f95711554f5a043b5bfcdf600f019d9910e9d03bb0c0a60744222c7bda
DBI,html/00Index.html,7cdc71b8f2003abd0b24e0a56d9d0227031278a8cdcf174bfb65964f1e49c0d3
DBI,html/R.css,3d290675266eebeba6efff07db879d699843c80bf428f9e71000e2fc6078f5db
RSQLite,DESCRIPTION,b63e5b75435618f2232d7713df62ee85374bbf9780229363bad2bec1b14065f0
RSQLite,INDEX,8c280c78655a5c34c93ff28d2fed9cb9ea5187a8813fb51d9a05411ecbb0cf7b
RSQLite,Meta/Rd.rds,0f583653fbacbdb73a2e64ab147209ab561680f2a354792b265f687207d0bef8
RSQLite,Meta/features.rds,b4f074bc0f45cfe56d976c0d67a1453067f4b34693828ed02d674a6641b3e332
RSQLite,Meta/hsearch.rds,32cdc45e81b907622a0e3c22897fc03d93c0ac69a584e118cb79b5ab633dd30f
RSQLite,Meta/links.rds,be78a1ac02d0dd9ece736db0c7089f41c5e3ff6b4fc39424c6624dc46371571d
RSQLite,Meta/nsInfo.rds,dbbae6ab7320d22b001153cc2590e3b20f1f93e124fc08e20bbf10e476f3d98f
RSQLite,Meta/package.rds,3f4c4cc20b003465da6744cfcdb75868ec74d30710f59e9831569f2259b8aa4e
RSQLite,Meta/vignette.rds,5057df0f4699182f3bcadf5e20989769e356c06da0f98ee765cfece5915b10ec
RSQLite,NAMESPACE,1a30ade9e9c39a67e0b54e24b8523623a2fee9bdacab6e973a2db8d5c7b63342
RSQLite,NEWS.md,d7a4bdc703457f6a7a361a8aa7a64312b3b8094ab572cd6228997f1509fc889d
RSQLite,R/RSQLite,570ca456b280cdeb201ef5ebdf22dc8f80092e2c0c68e33c7f73340e420f3759
RSQLite,R/RSQLite.rdb,f1f1d9faa3cba95b7aec3f3d5ddc008594e33c6bd3a2f8ee9a81466ddc9fb40c
RSQLite,R/RSQLite.rdx,ed5e829572279a1d0f6060f2419aa9e94974f4d37bd220bc622e1eb08ef1b005
RSQLite,README.md,d65157220dc78fba1ffc5573f07b5dc5d816bc743fa28a856b61ae6a6807ebed
RSQLite,WORDLIST,b3d0efe76026409467f910706f580cf896cadf49422884bd293fd0a9d70ea27c
RSQLite,db/datasets.sqlite,a9f771f719f5d16f76bd11861b8403922ed2c7a44cac5c4b0b7dcb2c50ea92ca
RSQLite,doc/RSQLite.R,71b43a3eabe3700d4a0e54fd16eed9338a4b77620e72d1cd161c7687e7c7e71a
RSQLite,doc/RSQLite.Rmd,3493bbca466811e5e3a382bbcda1a53b4cf647c8de1d6b4761549186f9d9bdf7
RSQLite,doc/RSQLite.html,bed3d89c8557ef34e226aaae132969b154c6687a2ec0d978066b582d26c5b9f3
RSQLite,doc/index.html,fee5a8c40a185888153b58f8cc4c60aaf9fbd6a65291abb7c6c97ac34005ba6b
RSQLite,help/AnIndex,a1b145862076b5b8530033d170f06b763c707b814e95b878dc94ad7601c92593
RSQLite,help/RSQLite.rdb,485a53ef39f4dfe6597f3e345c01b324dcb41d554a94651ce6359c7681b1776f
RSQLite,help/RSQLite.rdx,a8491bf85240e0f355062b3cca70d50924dcfde98a125c423629b23acba1d901
RSQLite,help/aliases.rds,8ca06b54897d356e156e221ff5a3175377ace38e4f3ac65b5a0eac74f8c3d268
RSQLite,help/paths.rds,d022d3790413bbab044d99bd6cf0c1ada047fb9de8e88a755670266311f649bb
RSQLite,html/00Index.html,081389e467e1b61b1acc4feae2394b27c5dee324feff0dfaeb84b82de575f832
RSQLite,html/R.css,3d290675266eebeba6efff07db879d699843c80bf428f9e71000e2fc6078f5db
RSQLite,libs/RSQLite.so,9179e82c6032af7ec3c90d93f8e3cd771394b4d45a4859902e35c180b1ad0c1a
RSQLite,libs/RSQLite.so.dSYM/Contents/Info.plist,eaf838a4829cf1602a5aff903b114fd3d4e91fc247e0158961ce100cbbe7c499
RSQLite,libs/RSQLite.so.dSYM/Contents/Resources/DWARF/RSQLite.so,1b28dcb9afb338a2a70a6cacf2961eb937cb4bc7e61fba248246c13a780c8f99
RSQLite,libs/RSQLite.so.dSYM/Contents/Resources/Relocations/aarch64/RSQLite.so.yml,4ec6e5962e46108cc322748217b20b13b5d95bc7a0ad6f3fd7c097183400a6a7
duckdb,DESCRIPTION,fa88dece17c7199dcd4270133777a50d726336864a50071d93c1c3164242de08
duckdb,INDEX,96bceeb4bb3956fa50d15280be56aebf2651466fcc2fb6edad5107b5834c3da2
duckdb,LICENSE,e59967b4dfb1333f25a0a4f6ed2282273d216f03f6d043ec43bba2730a3ca3e7
duckdb,Meta/Rd.rds,aa929846ac76e252bb0bf3921a49e7479844a2e61f1a143b9143eb49db3593dc
duckdb,Meta/features.rds,b4f074bc0f45cfe56d976c0d67a1453067f4b34693828ed02d674a6641b3e332
duckdb,Meta/hsearch.rds,e66111b021124979970a8453f687e6c9485e3be13b8144312210619aff53cca7
duckdb,Meta/links.rds,9a93fba122289120b6ff1fc795b9e11b809f455190dfa2ae5ed54b4de5ae6e1e
duckdb,Meta/nsInfo.rds,f9f85cfbf938b5aeb10ff542bc2a0e000f5df91298a7fc5d80761626695c63e9
duckdb,Meta/package.rds,afc88069e3434ea77e526164996add101f64b360a02bce9d59c3ae182ffafe53
duckdb,NAMESPACE,86a4a1f95273bb7aa29d6f8e0aa7601b8fc8723225b7a9724c1dac563e61703c
duckdb,NEWS.md,ecfa6d18915e8ee376f3bc9077582fb49498c5e4f728745005c165379f0f737a
duckdb,R/duckdb,570ca456b280cdeb201ef5ebdf22dc8f80092e2c0c68e33c7f73340e420f3759
duckdb,R/duckdb.rdb,d7852cb6828c10390937ee4fd36716afd1fe64ba6b560426e4393cbcefb5ca7a
duckdb,R/duckdb.rdx,8957d9a08126fe08e759e08f25fd32bef4896520059ab6477af40e8c449e038e
duckdb,README.md,eab598278afbe024b7a85d12ebc87db2ab5cf8014911ec1cbec556778d82a7f2
duckdb,help/AnIndex,a3becfdf50c14d7c052e912b2e2736cf9ffb3bedefa927f45ae85a8628cc487f
duckdb,help/aliases.rds,ff118e6bf12849f32decb0ecb84d93239b1aaab15114bcd51492eb1ac6399adc
duckdb,help/duckdb.rdb,e71284ea7d0dab7c6e15c6459c091a68bb9bc9c0b4dfa726061199b3f0e97799
duckdb,help/duckdb.rdx,399c21343dc0fe08e1990f0c722609ccab397bed036a575376bd611d9a015a00
duckdb,help/figures/lifecycle-deprecated.svg,b325b309900c9843a235f147918eab4f3b9bcca228656ff16c48bfd067337481
duckdb,help/figures/lifecycle-experimental.svg,ee207407774f49e01a44c86370569aee540c468cfc00b4e1d7fa4c9c9ee626af
duckdb,help/figures/lifecycle-stable.svg,14e0bf4e2a6945ac25e73aa3324b47f414fc3055faec1ac20e8f7d2c1badacba
duckdb,help/figures/lifecycle-superseded.svg,a471d61997868b34d1af241fb4195ab348118046f6df3af21fd8a961ea0c248c
duckdb,help/figures/logo.png,2ebc44575669162c72430b65c2dc5377e88b6a9c2f8f3effdecac6f6c329fecd
duckdb,help/paths.rds,62ae38deb41b4487ffda3edcf076873d3078f0994fb86e02da81d8af02f8554a
duckdb,html/00Index.html,2709924fbe0b9a919135ac57685883149d9a2a356a696893befd473eaaddc47d
duckdb,html/R.css,3d290675266eebeba6efff07db879d699843c80bf428f9e71000e2fc6078f5db
duckdb,icons/duckdb.png,b0264cb0a14049f39893cfe1cbee4374d761ec3ecbe3f6c21556eafd29ea3900
duckdb,include/cpp11/R.hpp,b95b77132bd9525fc71394e75b64f83838673471a0e77aa9f3d05022564617ef
duckdb,include/cpp11/altrep.hpp,65d31527c3268555de635a53093987bc764530c7c302e4eb1ea3fafb0d1ef911
duckdb,include/cpp11/as.hpp,f3baf83e02ad2c6b63bc8be0379a830aee2672a901dc66ed709eead760e4281e
duckdb,include/cpp11/attribute_proxy.hpp,a0e7a36945805e5bd6f112081fdea8637855b9d0af1aed63ab5dc204750d9e8f
duckdb,include/cpp11/data_frame.hpp,8cdd47952ee296596eea7d88b36a5b3ebc677311eb3df81c3953a6ac46a0022f
duckdb,include/cpp11/declarations.hpp,d54c8a434dcf529d94a48c738fa429136349b5c3ab33616a49d3d3a061c8f470
duckdb,include/cpp11/doubles.hpp,b64f5f85d5d9351d595237a6907e77239e65fe477cf641c27a644c32ab142102
duckdb,include/cpp11/environment.hpp,1ac500afab1fe651c56905845ba287b8d310af71927dbf474d9f7a8c6a64df61
duckdb,include/cpp11/external_pointer.hpp,e23bf21bb56b9b49fc45bcb47b69b8d99cdd8ab87d6dc949fe8361ad9fb56f95
duckdb,include/cpp11/function.hpp,1e91235d7ac33a0f7015a5c7915a4b4f7aaa35d2df8813a4cff2ddc84b527e9d
duckdb,include/cpp11/integers.hpp,16e8030d35170d25c0382352f9dc0efc89ec7f4ba26824702f8d911616d750c9
duckdb,include/cpp11/list.hpp,2d9b3276a1c8a58a272bfa648208c9f890cf8edb47aa4a6d070fe45df2438ac8
duckdb,include/cpp11/list_of.hpp,f540d603f4cfe122d3ee040eb69ef5489809d3b739145b34e4e03abc38031f24
duckdb,include/cpp11/logicals.hpp,180c0fd84c23bc71eace1c9e6637b99fc55212601b65ee83600556ea30fe1180
duckdb,include/cpp11/matrix.hpp,3c3a289d7d341ac74c92eee8ca917401eacd5924d3d8786fd4277b923a87747e
duckdb,include/cpp11/named_arg.hpp,b9d59f7418fd20bbd083555d35a0dbaf5d68fc3b15e08ef50d10fe8a5422af81
duckdb,include/cpp11/protect.hpp,eebfd10dbf0de1d67d5a96621042de12573dcd39ad2067d1f4150b5072b6321b
duckdb,include/cpp11/r_bool.hpp,80efcd2a8abba7ab1296f9bcf5de7197c386fe3c2ed4b2168a57e9f2fc454e00
duckdb,include/cpp11/r_string.hpp,fea1cbee6dd1d628f38f9cfbe573dde1bf62cfe3eeb962b9072b4b7083d48d4d
duckdb,include/cpp11/r_vector.hpp,3eb039e615797cf90b3950b2ff61af7d977f95526d7a07373a083e14ca72e6ac
duckdb,include/cpp11/raws.hpp,c5a791d330e9c9eda841a5a4a9f4e7b00ebce68d8bba1c8073032233f8fe447b
duckdb,include/cpp11/sexp.hpp,e8b22ac01ccc39f1ac50ed842a4970d1cf8adb060106d76af58bdb799afb5f8a
duckdb,include/cpp11/strings.hpp,10773bab19abe1bed40febe020437596ab059f93a2328502e171df0a8b786c61
duckdb,include/cpp11.hpp,599b31c56aac043c250b80744ef36e7c745c83ca74efe68bf559cab53a8e21ff
duckdb,include/duckdb_types.hpp,15a7994d32f4c627bd0685275fab749b3534c332aee2f0fbfc9cc14b2e7b697d
duckdb,libs/duckdb.so,ab45d48c7e3c2cf90ce7c06b61a68b152d332b71ec535f7228b650ecb8a91423
duckdb,libs/symbols.rds,f2e761b13f4f8c87f176a1424498d2e00e624e663bdbd2d5e821be8acb1ceebc
duckdb,rstudio/connections/DuckDB.R,a8ab3551818d179c188636e895748e558c0e4e16eec738d0f1916cef90e66481
duckdb,rstudio/connections.dcf,320c382e7cd1a0b277ae436000ef0fb64e7c1fe6ec435b4c936aa861591b01c1
arrow,DESCRIPTION,919c0ab9757f449d3eb7eb6050d4408da60618fa4f4e0db46a982799eb69d068
arrow,INDEX,ca84c98fd51c690eb9a0a7c6bceccd3ca0e17d5937452398d259e23ed67b4249
arrow,Meta/Rd.rds,6c9ab6805af05acbc55a5fab976628d7d193c259c36634bc2469f02b52f2e538
arrow,Meta/features.rds,b4f074bc0f45cfe56d976c0d67a1453067f4b34693828ed02d674a6641b3e332
arrow,Meta/hsearch.rds,936622fbfe452785bbc69fbc85c4049d2ec5afe10072fda2c63a3fd53c881896
arrow,Meta/links.rds,9cdad5ef57985fb4647f6309bc92cfeddb381290f99fdf01e0cb2621bb2e33c7
arrow,Meta/nsInfo.rds,ea90b4d1631236a833aa86e395ec0d80de9f56a28df104cdc4688af01166bd89
arrow,Meta/package.rds,a4e7a38f63c023f9d5f0fcd336ee02ee8c3832aa88799667e4509be98f2433d1
arrow,NAMESPACE,787bcc720a9155e65f90ef8e8e49b109dd2e1b19fad512d9917cdcfe657ba452
arrow,NEWS.md,23579752c863d0d4d5d75d8a0e766f32d237b3b9d90d630054a01aaa3776cb4d
arrow,NOTICE.txt,afd895d61a00101f6d5a41cf518c83865d815e8109e956f512a0ce4ea9738c06
arrow,R/arrow,570ca456b280cdeb201ef5ebdf22dc8f80092e2c0c68e33c7f73340e420f3759
arrow,R/arrow.rdb,f8a363086c59784fac1432c6b53a0581bdd841fe47c8511ec6c3514acb591eac
arrow,R/arrow.rdx,1cb26e47d6def30b5b84c37470adf90f169f1958112eb4c38af81c98bd4e57ce
arrow,README.md,fb2915f0060e427d70fddd56fbdc456930244ffb77167d85fd68b5ea7f8bf31e
arrow,build_arrow_static.sh,307697fd6c87ecf6ecd127190cbd8a17e6320223c0733a87dbb5267808b8da64
arrow,demo_flight_server.py,ab2148c7d4b070157d74e3afca71c8399ad264d0d93d6eee8454d975f1c92535
arrow,help/AnIndex,4e1e9d14ad77952d0d7a349c81362b7aef3a2a4ece7fa02b7b3f90d322b379e2
arrow,help/aliases.rds,e509c0930c2cf59f700184a73f71cb86626c6f94753f0a85fc27c2faf0d90c49
arrow,help/arrow.rdb,fb155848f09268cac7254c8576f2bd2f3f607e4a0288414abd5708a1d9685146
arrow,help/arrow.rdx,0f80b87235e427348f026d745aa78c206765ac732b0f5172afee25c1e29ba8ab
arrow,help/paths.rds,51a9b1a650759de028efbf447f8da0a0ef0722fb87e627391001c838b232561b
arrow,html/00Index.html,0d6385753442a2900df08ade1605e86bf35377202830f65f8c5c504a39be740e
arrow,html/R.css,3d290675266eebeba6efff07db879d699843c80bf428f9e71000e2fc6078f5db
arrow,libs/arrow.so,a14251719e5932850a3ecdc9c90a2ffff2f9da466b334474690867c9defdcc08
arrow,libs/arrow.so.dSYM/Contents/Info.plist,34a1ff356aed3020f4e1313fbb46f4505907da2b84029b735cc8fd161621d5eb
arrow,libs/arrow.so.dSYM/Contents/Resources/DWARF/arrow.so,6a6de45146842b4be712a0ab1f7a62c65de0d6caf97425750488399f5a5b77b4
arrow,libs/arrow.so.dSYM/Contents/Resources/Relocations/aarch64/arrow.so.yml,871d81fd0866f2fcc506557becaafd68c1c7345ba2d8c06efbf1ab34fa0d3149
arrow,v0.7.1.parquet,be6773848ce905b99192adc68f0c3b2aabab7d214db50b92a52203790566ab2b
cli,DESCRIPTION,9f56e4ef6c15edd2771f03c29645ad303e0472a1bb037ea0b13fb4c855875767
cli,INDEX,d8be3690e42e23009923b5de2d560c74c4c5696c4f0eafed77e936b361143ad3
cli,LICENSE,7ca9da25537a5e7e628150a0e6e60de2eaad6c4d5f2d64e4cc63e75aa053e591
cli,Meta/Rd.rds,92477eaa4fcb254773ac5ddb12d279ef02e28936ad3cedd9ccdaf4ac1e46617f
cli,Meta/features.rds,04abba1fbf14e9ebfa5018fd8a740842010982b85aad6aef0f672275b088d982
cli,Meta/hsearch.rds,d5ef2af43b5b2f4815978e883d4a4d278d23d5fa2d0c9befe1f6e464397821e8
cli,Meta/links.rds,3368621906b3c546a387409e19ccd5db7fb6e3e751e4d2f8d2d673cd7b5fcc5e
cli,Meta/nsInfo.rds,5d8c652c292f0a65799e4c9077e3c45a64bc04cd510b83af3ea6c2b8e1102571
cli,Meta/package.rds,b80cef0a5454de46b469123dd670b2753218ae49df00be228cae953cd5ff8c32
cli,NAMESPACE,6c2ee2e8cd37d2b36d8a39afcf17ae9187db19dcbbc8b6ea845f2e32b2a9ff57
cli,NEWS.md,df8905d707942af67f83510f0505ab1b0bd874685debbd4ce31e57a90fe6dba4
cli,R/cli,570ca456b280cdeb201ef5ebdf22dc8f80092e2c0c68e33c7f73340e420f3759
cli,R/cli.rdb,691d532eca381d19b22691784fe1c7e3207a7d27cb90c6fb6774b3fdd401d271
cli,R/cli.rdx,19f74fc74e3b8f991de9dfbc6185bfdd3cfb461b6bc790c950587ac429f5bd11
cli,R/sysdata.rdb,5d34548fef4dc40866bd7a1b56f0d945690fb433cd4cf22e5a5e1e6bb43d6c69
cli,R/sysdata.rdx,c2aa2dc45373ffff33f8f238f02c12656493ca83ce4a74718b821bb2ece22e9e
cli,README.md,564a4e5895de0c0cec56a00d7104ee44f449d7bde5f16f7c3a878f62bbb3c62d
cli,examples/apps/news.R,05bdee7e9dc6e7f7ebcd6e75465683ad8cc04e955bc859bc642a6a2190ad08a3
cli,examples/apps/outdated.R,3f90be0bfcd7777d6f6e1c07493196cf8541ec664fa188cb1a1c38bba0f1cf9e
cli,examples/apps/search.R,ba9210010a9362c190a29ebabf80bcde3c52efc423c75097e5c0915d02af792d
cli,examples/apps/up.R,57341466c92f3fede182444a98e6373c0da99d0c633750a8925a0f1f10852915
cli,exec/news.R,05bdee7e9dc6e7f7ebcd6e75465683ad8cc04e955bc859bc642a6a2190ad08a3
cli,exec/outdated.R,a18b3b707caaec2a1ee971671c875f7d30e3350b0fd2da3978573b55d561d2c0
cli,exec/search.R,a1d18b183903166867037fa1e9f5ba3ba18846e1969f56146e081bb9a8baa389
cli,exec/up.R,21d31f71de61027bb689e801c5fa56919b34bc31162aa037c9cd95e024c26ece
cli,help/AnIndex,81ef0b09b07652cc664545e0f267e99c732e904604806c1c33ae69799c146dd3
cli,help/aliases.rds,fd35fe1e4a337f5cf02d0905740dd16d2f8236d5287f687c6fd7861901d9b6fe
cli,help/cli.rdb,7e26cb5fa5567113e7cd5f06e66e850b6d4c58df5d827b70f4199cc2919f7b17
cli,help/cli.rdx,a4b7bbc642fc3b023efc94e012ad6cccc1658601b7d98c8e073e22e37c7df7cd
cli,help/figures/demo-spinners.svg,8df4c877ab100c3134be50680d370bbf4a356b28ee049bf613059dfbc7c0465e
cli,help/figures/get-spinner.svg,17ca5fe65da9605e9ace13df0096e4ac0f1c3bb2bd711e55072b8e088a39ba62
cli,help/figures/make-spinner-custom.svg,ab861338debd65238a6717bd84c7b84c94a5495c85bc3453bb2713fa154cc776
cli,help/figures/make-spinner-default.svg,e479421cafe23980b4b37a84eced3f1c88741f7068e9771c3662ff51ec16aa51
cli,help/figures/make-spinner-template.svg,b46ecee4b9657785c74e55c22eaab2633ff69343db4a362bdc8ed2f09e69d121
cli,help/figures/progress-1.svg,742e8f8fc79c34bdc37dfc88ad461031731199871100f14d5ebbe8dffcf099af
cli,help/figures/progress-after.svg,5a4cd4afde89c972bdb6ef1989e2cf737208ad9cbd78efd86b26294732999b1d
cli,help/figures/progress-along-1.svg,34dcae1616f04ca55a6b0938c74842876f316d0fa3d505532fa1161391e393a3
cli,help/figures/progress-along-2.svg,8a7a3f17bca76922f24abb28a48f0ef6a8702e624bae8fd8ce6198a78eaf5d8d
cli,help/figures/progress-along-3.svg,5d69856c397029dfe8d9170aef3c2580a5ab697dbf18fd98c50c071839262294
cli,help/figures/progress-clear.svg,5ab6580227aaff9618e99a277df4c99e3f1ff5c3bf042ec734281c836d05f13e
cli,help/figures/progress-current.svg,1f7291ad2a6d99bc9978210ac909480b342c6bd4ab54af7b033de77022fc0098
cli,help/figures/progress-format.svg,ff408dc0f5d15d17cbd4c804686a40136b5ea80b5f06731f117f07d7c95c2028
cli,help/figures/progress-message.svg,b6b906c3ed944ecffa268aad00f791caaf5b9c3ab057c88a634a9facbb0d93e9
cli,help/figures/progress-natotal.svg,d99b4c863cad41092959f427ef213f43e0bf3b559a05995c738d5db285a57e6c
cli,help/figures/progress-output.svg,333fb49c9d3537e6b9433949129ba7a4b93c0a5713947cb209d6e94265a558b0
cli,help/figures/progress-output2.svg,ed441c513e9ca19ed3288e84213410d76d19f99178b3f06e050c9f9e7fba1697
cli,help/figures/progress-step-dynamic.svg,1432cced693fea1c20e63b5db98bfa6fb4c9e3f7ebe750ffcebd62b4e387de2f
cli,help/figures/progress-step-msg.svg,e588ba95c616c36ec353fa705161252dc3d26602481769e727d028310d4c793d
cli,help/figures/progress-step-spin.svg,df2099e0f67894fc2e1d02e99943825e3d8f3ce9d29c40ce8afddc94b1344d7c
cli,help/figures/progress-step.svg,7776c76b0586a811777bf047a5f37b37ce5aaf620bfecf6b7c75264fe7e81496
cli,help/figures/progress-tasks.svg,1c69a60f62b6d4cdcecd6729146ac5cf1088b12c4c1f61990fbd4f96fcad558a
cli,help/paths.rds,b796ececd8e2e96be8b9e71e989e6a75df319510e9b9bc86feb818d2fac95bd4
cli,html/00Index.html,aaf64dce8c48a2c23467904b821e3022a248faabc94808baffbc5e446a287683
cli,html/R.css,3d290675266eebeba6efff07db879d699843c80bf428f9e71000e2fc6078f5db
cli,include/cli/progress.h,c6e4fdfcd2c8bfecf181a9e84f2ee89897ebeae82d964faa55a71d0b764849b1
cli,libs/cli.so,c93ed996dacb900ada9899215546065ed4cb0c5b6651a886f7838747c2a8ae0b
cli,libs/cli.so.dSYM/Contents/Info.plist,7c01dc79b7de8994eb1dd4071dd8a41fcae8336bc2107f5cff791b883abbc15d
cli,libs/cli.so.dSYM/Contents/Resources/DWARF/cli.so,ce0bddb71b440b25c74d6788e9aa344ec1f726a236e8584cb6cf78852842eebb
cli,libs/cli.so.dSYM/Contents/Resources/Relocations/aarch64/cli.so.yml,a7fd4e78ed1e74ec6e35664a0d4c6cebca33744e6be16d047eb68b6779cad9cf
cli,logo.txt,09754cf35ed9f7a49824f564701b1182fbb92e85cffea94386ba0508a7815e2a
cli,shiny/along/app.R,51a9aaf8e0e00448927671f919a727b8bdcb13d5ae590d4d6778b30e7e992a98
cli,shiny/format/app.R,46a329659914406a6c71844b073eb477bd93ba053b1cebe930bd9b130b60d953
cli,shiny/nested/app.R,35519e3c28f69d286b78928747e8a593de40f9ff69c209bbd64923f3d920ceb9
cli,shiny/output/app.R,9c23fad5619c9fcd5b33dae2d3988190195fa2f15bc3b1408e1d568c685874c3
cli,shiny/simple/app.R,3b68df9212517319e1ffe5d1885173c9465fab44f964019b6e5a043551eec93c
generics,DESCRIPTION,33d01042add3dfb002906134a5f4b663a4b8c1a2f1d88c380873d7d275be3942
generics,INDEX,42052eb25af22b58e7a8c6a0d0c498518327e867c2f2bdd0593f2d721d03bcd5
generics,LICENSE,ff0eda985f01ac9a3863994da579f47ede323b80108ccedd6dd263418639baaa
generics,Meta/Rd.rds,a5020c2541a0689f443f4fdd506e013ff214e627bb26443dd5ace5f73523ad60
generics,Meta/features.rds,04abba1fbf14e9ebfa5018fd8a740842010982b85aad6aef0f672275b088d982
generics,Meta/hsearch.rds,6f144a6892d0f11d31be106eb355ab9e3d4ca92c898b153289658dfaf93cbc25
generics,Meta/links.rds,2ddc863232bea33e7cde3d0417a703237b591976023b8762a83f6778edbddd00
generics,Meta/nsInfo.rds,c03a7168da9ff92e91930a5203c623f0d7097062afdc81926a304a88e5e209f9
generics,Meta/package.rds,55c467500d3a6353df16f37a2c1f322470e696695231a142523aa0e92afaf9c1
generics,NAMESPACE,9054be3001cbaee46ae576c4f8a71d018a33712e1a29ed39bf6eed319616e9e8
generics,NEWS.md,c1109017a55c2aefec08ef27f54da078a737e2aab1dd3969f2cbcde6ddb8d0e8
generics,R/generics,570ca456b280cdeb201ef5ebdf22dc8f80092e2c0c68e33c7f73340e420f3759
generics,R/generics.rdb,31bae8d4e1ba9e9218589a91a87491503e6e13d3ed9201674a919522f664dee3
generics,R/generics.rdx,e76d35802c7ed84ddf5a07ac2b84b633762f93a21d4c1edd2a30674851bf7a83
generics,README.md,f602d43a378935122b78bc59b62f0c1120b17e66cd066a7b647c23692a600914
generics,help/AnIndex,02fd64f4ec6166cd5e9083fff654245ff2ece612a98cc059f21d29d74796a5c9
generics,help/aliases.rds,6700169f7b5cc5ee737be292dcaf2ce2ae8f990eccefd3fcdbf9c81457e52452
generics,help/generics.rdb,4159ae67d8a504e4abc666713c424746d6ca883a0e89858c643774d3124bf091
generics,help/generics.rdx,c05e78a222c8cf14387778576032441d6442c3316165d8489496bd0427edf03c
generics,help/paths.rds,51fda4526e97c93dbb853ef075ab3ccbd64eab385f87cc61e94a2a8b0291248e
generics,html/00Index.html,af73b4591f0db744f04f5834834d703c8de41192a89d0e6daa4b6fb2ac1a59ea
generics,html/R.css,3d290675266eebeba6efff07db879d699843c80bf428f9e71000e2fc6078f5db
glue,DESCRIPTION,2f4fb1632fef509978849d310d3eb04fc889368978e1aa8b2af669aa73fa795e
glue,INDEX,ab6b8cac9d64e381c5a34ab86c5c21970d72df4dd520be16ba19738bafe4adbd
glue,LICENSE,df91fc6693975392fe1d13934181f520bda494e6fc1ddaa34a267b43859ab1ac
glue,Meta/Rd.rds,81675626e7a262b3af5cebcb44ead574e79d30a2789b61b94dda1462444ab7b5
glue,Meta/features.rds,04abba1fbf14e9ebfa5018fd8a740842010982b85aad6aef0f672275b088d982
glue,Meta/hsearch.rds,fd2705afca44ce2812b6906bf65bc854b0be180dc1c09d8a49563c43a9803ab8
glue,Meta/links.rds,8469b181d226d3677d8e1b5ae550b57f3580e0372e58da049392788a098546d7
glue,Meta/nsInfo.rds,c7ef8f3e3059297113226118e273d9b08214dfe18b231973da3811a599d89266
glue,Meta/package.rds,be239cab39c17c6282d49b4aebd20f18225733cec0862d8547a362581ae8a11b
glue,Meta/vignette.rds,e8824277cc433b15a3a5de77a7e5dce6bf841ffebc25fc2505e8acd5506d3d11
glue,NAMESPACE,eaef59866c100701179b3edbeca6b56f23f8a6f09a7b6962f239fda77ffe3ab4
glue,NEWS.md,7135d6d7cbdbd58b0b0b9873089f2e52b79a50e16947bb6fa8e28608620f56d9
glue,R/glue,570ca456b280cdeb201ef5ebdf22dc8f80092e2c0c68e33c7f73340e420f3759
glue,R/glue.rdb,1e8b665aa90a7973848d2e99b20e1f8c10d4f08567b40de6862ba96864a856c7
glue,R/glue.rdx,56ee66873ec48dad22df5a9fa0e172d61fd45aeeaf76820672db2e1929d65615
glue,README.md,9426022baea4f57bab18092c8d812590a1e97d97f4574fed00723e04d7c0f2b7
glue,doc/engines.R,e934ac18638612ffb4a1a97c385a12889d5ab3976eac32b66259d7820337dbe1
glue,doc/engines.Rmd,b37f876856ced1533d8683d0bbac2b2ddc48855ef109cb6f1d8325aa6031036e
glue,doc/engines.html,48bfcc141957a5709c84b8a8bf97ad28ca7c0956b25fa54e23c22ec6c7154b4a
glue,doc/glue.R,0d4ec1ff20102ecfab22b9b9294e29bb1c0849b4a72023eb2e4812691937e592
glue,doc/glue.Rmd,b63fc375644f7349a3d2e0df324d890dfb96c0c86de7ed4b6d147b3fb16c2a0c
glue,doc/glue.html,ae5e0e8709081b02d05830ab90ebaf01be92808041a70b4b2bef2848d856306f
glue,doc/index.html,7a542f77604ad95662559c326916df74687bf11e6d8dd19236eb0a43cf9e108e
glue,doc/transformers.R,e807d1b228848489ace9e4fac9bbb7937fa18ec4009d1fb71659f2317c64f76b
glue,doc/transformers.Rmd,3c10a21e8aa4790df83985f200c2e353ba48b3631c3663a93ab50b38a9065d80
glue,doc/transformers.html,9121f29d2f0d489fd2546997016a5e5f23ef0c469d0329f615c8c0b6c8766150
glue,doc/wrappers.R,422858dee82d71755380a0f9447eeafce0d1a053c24c396d8341be88d68fc6a9
glue,doc/wrappers.Rmd,917b4dc6360206c062ef3973587ed28cd01eacf789bb4dab452bc17da27b2e62
glue,doc/wrappers.html,cee890576b68d067dcef959dae88aebad02f6dbdc65f61aa1660261d2ccbe570
glue,help/AnIndex,2b9f77cfc49c85721e7690112f3506f00f048281bcd9125db57cc91634cfed29
glue,help/aliases.rds,b015dbf0fbb3dcbb1d512625ed30c694649ca12f22ecd34125db0bec80ee8a08
glue,help/figures/logo.png,77fe129712ecdb93cc0c9d789f023cd0a6b94b6c10145af0268612b355e3dbb7
glue,help/glue.rdb,7c6345aff25ec02c47981a0b7479f7213bd9924aa940f455a39bb0f29f52def0
glue,help/glue.rdx,c6ca3c1b016af6369ffe3a289728e085d89930df88c04e5414a449697d838e4b
glue,help/paths.rds,be1fe259366fc425e4cf273e0e886714335b84f566dd2ebc497384aa88d04185
glue,html/00Index.html,cb78097083d056f61bda96c24ce34dfd0e5a32e730bddea6769d7f752a20ab05
glue,html/R.css,3d290675266eebeba6efff07db879d699843c80bf428f9e71000e2fc6078f5db
glue,libs/glue.so,cf51fb5724c9f2192251e7a9a2578ac786f3fa701482082ff27bb62776a520e2
glue,libs/glue.so.dSYM/Contents/Info.plist,6295e4c467f0ff1a4ddb65fde795cc8564f83d0a0864aa163bc0718510cba192
glue,libs/glue.so.dSYM/Contents/Resources/DWARF/glue.so,c21acbe498c7649000f8ba84b72b18b0df1f1b1bb77a001b29136ea544f271f5
glue,libs/glue.so.dSYM/Contents/Resources/Relocations/aarch64/glue.so.yml,c3c46388057813258fed59eabd7f9a9356e2a3fe74741b93c5df6eea518334d2
lifecycle,DESCRIPTION,624b02f09048bd8212fbf3260709a857868609b63ab21ba9cf03fc16d1966782
lifecycle,INDEX,d75f8ab5a8b956aca9f4f9f971c1a22b7bc82f50e953b0b4dc7c6acd5abad89b
lifecycle,LICENSE,950f917f975ec43d52acf4f97f913e0eeac12c18ffa8e6fb609d43641feac74b
lifecycle,Meta/Rd.rds,e984c4445ab596e3ecb55c22104713a425f2e2713b9912967e1efbfd76a7bbcd
lifecycle,Meta/features.rds,04abba1fbf14e9ebfa5018fd8a740842010982b85aad6aef0f672275b088d982
lifecycle,Meta/hsearch.rds,06f3db5340ca319c34af3102fbcd5aec9a0674b7e223e5e0b43c84949def5916
lifecycle,Meta/links.rds,e69988512a3c1430b028a4cfa1b6804622ca126946943b0ce2c372d38828b908
lifecycle,Meta/nsInfo.rds,374100a8173af3a10554556a3d630a5976cae234bd4a44bfbdd717e8911437ce
lifecycle,Meta/package.rds,9d546513161f8534de5d7d23b49cf416d4545c402ddf3e05baee86c07b4b8e6c
lifecycle,Meta/vignette.rds,61b0b5fc7bdd5f390a65e0783dbfcbd6c80b5cd0be49df002b59ed70dadaa5a0
lifecycle,NAMESPACE,bfb380d519a76cb580ebcb92fc46c0c6f7e296a33c108f0a74e334cfa154440b
lifecycle,NEWS.md,360254f1aaa3bb2e1826dea0ffc8c0748108ae17d929d2768e3e4e116b894c32
lifecycle,R/lifecycle,570ca456b280cdeb201ef5ebdf22dc8f80092e2c0c68e33c7f73340e420f3759
lifecycle,R/lifecycle.rdb,342f1fb0ad0f99268e2964cc443be24d843cfe4a5e496b8f0c04a7f7f06da43d
lifecycle,R/lifecycle.rdx,9e833b17d76816cff9faa08acb14ad1963866eb5e021870471b3994066a5df55
lifecycle,README.md,6e48988d2b123f86030db2c650fb777defe701d8eb5a2e3d5c7e317f034d9d6e
lifecycle,doc/communicate.R,aa14237180f33fcda3d68cd5a1f35ab0e892f008e169b6be86cf418320a3f05f
lifecycle,doc/communicate.Rmd,56b29f235f6d6d9006b39f2a0e21170c03cdee1dfe7b9d8d2024df8ae89c7eea
lifecycle,doc/communicate.html,5bbd8634fb0820e3ed9f02a60a8cd4704379fec15a88287673df95ec3af360e0
lifecycle,doc/index.html,bc0df11d13a2082d6d8f4cc28b5122a90014a3ec439a95448115d3d7ea5ce8ba
lifecycle,doc/manage.R,74d228aa5cfb5a6a9c096cdce65b7a4cff1d949ee75e2642040f67d29c0a145c
lifecycle,doc/manage.Rmd,3af8c43d07ee4f519ff7688b1399880fa24c716d1e800924fc997be1694107b6
lifecycle,doc/manage.html,dc8ceb28e8f79ea4c2515744d7bf8f89ee59a6460e1c307b7adf56078d8ed13e
lifecycle,doc/stages.R,297e5c4d4252a31484d345a6eefff5d02e9d36d160841cec2afbfc974d917493
lifecycle,doc/stages.Rmd,2855fdad80e561d4c6938a5796bec919b05d51fcee3bfe33cc209f2b32c004b0
lifecycle,doc/stages.html,dc1fdcae671beefefbbf2f44468b208ed6030af89ff488371002416bdc6774f7
lifecycle,help/AnIndex,6dd51c77955a79ac9344da44bfac7f23c12b3e9f85051d67bf1f4f3a7c4d6465
lifecycle,help/aliases.rds,3a80fbc7d82139e197aa048b3cc7d90bf8ccdd9dbaefad127dcff7090db0009f
lifecycle,help/figures/lifecycle-archived.svg,1f91adc5fc098480adc7ae083713d15e4e6d4915a5c6a1ed6488145c480917e9
lifecycle,help/figures/lifecycle-defunct.svg,a10b9cea51b3d143fed7736c5b94d502910baed319cc974ff3096a88f5409ef7
lifecycle,help/figures/lifecycle-deprecated.svg,b325b309900c9843a235f147918eab4f3b9bcca228656ff16c48bfd067337481
lifecycle,help/figures/lifecycle-experimental.svg,ee207407774f49e01a44c86370569aee540c468cfc00b4e1d7fa4c9c9ee626af
lifecycle,help/figures/lifecycle-maturing.svg,7edd59bc4d9fb8d901894a301aec9a9cc0b5e0144239074ae9da679c2a19003b
lifecycle,help/figures/lifecycle-questioning.svg,94ac10480d97a8bc0b8e625aeb38d85747c77648f0c85b18f119957545f47552
lifecycle,help/figures/lifecycle-retired.svg,93fd3cb94cd7cd442ecaa85c660845f84ee732fa0a95f172b22f8460d6f6995d
lifecycle,help/figures/lifecycle-soft-deprecated.svg,44f0804365bd36ebe44f91426029c4b11a66c389cbb9e1153cd1f69afa63b4c2
lifecycle,help/figures/lifecycle-stable.svg,14e0bf4e2a6945ac25e73aa3324b47f414fc3055faec1ac20e8f7d2c1badacba
lifecycle,help/figures/lifecycle-superseded.svg,a471d61997868b34d1af241fb4195ab348118046f6df3af21fd8a961ea0c248c
lifecycle,help/lifecycle.rdb,18f0fe33929a0abb1a7906f15c6d2bd17ac95ecc41f8aaa3a24e88505e333a61
lifecycle,help/lifecycle.rdx,9296e6d054aec7ba6c7f2ebceab7c2de5e0c9d43851d52748ab132e647fd6dd2
lifecycle,help/macros/lifecycle.Rd,8f46bb8313e778f21341d8e166d40a136681324f2c29ff73b5037d75439e9d02
lifecycle,help/paths.rds,18c439ba8bc586b70620103d54debaf9e7e43fb2ee48d4f437c85a47fb5eb0ef
lifecycle,html/00Index.html,7b293d31690f299fe3d770eac215eb16314d56f772601fda2f20ad87a578f566
lifecycle,html/R.css,3d290675266eebeba6efff07db879d699843c80bf428f9e71000e2fc6078f5db
lifecycle,lintr/linters.csv,7588e6f290e2343bda5f2dca9dfc1b5c3d911884f6dc88e7dd32e539061c372f
magrittr,DESCRIPTION,3e6f1f823c561ba89a4ccb04a2c918a1cdaaadfa598597de83421619e12cd243
magrittr,INDEX,ef409890f27b055f61b313889116404f2c33a58eb6239dba78d2076134815642
magrittr,LICENSE,a0fc38a7d1f39765687d621dab45ab50f706ee6aa00289f90af5366079699542
magrittr,Meta/Rd.rds,d6f50551a4f5cdcb21605fb459e4dd92770c6509ddef3b4e0d261da609938fe6
magrittr,Meta/features.rds,04abba1fbf14e9ebfa5018fd8a740842010982b85aad6aef0f672275b088d982
magrittr,Meta/hsearch.rds,2c8a6af5656ce4eaa7d9e61ad97232c6400d15699f7fac534f706e4f8aa2af5b
magrittr,Meta/links.rds,3c68e8d469bab745e0f5ebb71959925a534e82741c8b176ceba42fde65578f0e
magrittr,Meta/nsInfo.rds,042c50563144904bd240d6c1626f48614b56f0db7241c5f795e46b3ce79b06c6
magrittr,Meta/package.rds,2b1bc655d34754f3693c89743f8126d7e670c7b55e2c3fbf235d130116982982
magrittr,Meta/vignette.rds,8c3884b0274ff26d659a8f5808f2aa1856eb919a29107d122cde3c0b0b0918b6
magrittr,NAMESPACE,930153a0f4fa881cd3e584ba41806a9512b1e220fb87d320ae54e941369931d3
magrittr,NEWS.md,7582126dd7e3a5af26792536bf0ebf1298e36d16812ddaa12e61351e23add377
magrittr,R/magrittr,570ca456b280cdeb201ef5ebdf22dc8f80092e2c0c68e33c7f73340e420f3759
magrittr,R/magrittr.rdb,9bdf208fdd549c918f1b8f4673b0e1d8a958e463f6a2cbd3e3f2816263590cec
magrittr,R/magrittr.rdx,a99eb339c721a47d31bf046e3880880671a81486157468dbac9abebdd95a2a7a
magrittr,README.md,3538173c571d4e787623c106cc51d5ce22aaa8ead5cc149e70c485043d40de5f
magrittr,doc/index.html,5591dccc50e698c826258c9521e5f97ec5967fcd8a0bcc134292d856240deb5d
magrittr,doc/magrittr.R,9c759825faa2844ab2b4654b168108ad8652d911df4cd5fac9697aa202d1a5c8
magrittr,doc/magrittr.Rmd,18679df45a7110a370934671a8a32c0df8328b62ea0dac1a070bc9155617784d
magrittr,doc/magrittr.html,a95a4c3112efe2147f506e4f894281b9423c78eb67e5e6ace937df035f1ba964
magrittr,doc/tradeoffs.R,8855c3bdd4216e695123cd9c87bde9b08aec4bbc8d1ab7c8634b3af701e6a9ac
magrittr,doc/tradeoffs.Rmd,ffedddc4ad270463aae2eb5714b6d21f289d4bbb339191c6a4c05da58facca44
magrittr,doc/tradeoffs.html,8d591508ae967843e35c5d9235bf28b51295085d80c3fd56848517c4878b2f38
magrittr,help/AnIndex,7e7786f6a1a2ef8e349d5ef7596e2afa45e5a3d7188dd420c779e716c25c9903
magrittr,help/aliases.rds,fb53d3947f62b3df98dbd5ff6e1b7bff380664288ba9063b1ff01b53a3e98a3a
magrittr,help/figures/exposition-1.png,809c245fe61ba69dced883f7918ddc7f8179c3809ff77721c7f084aee1c2a6cb
magrittr,help/figures/logo.png,f45b617e3b97e9fef4e35cc537b463985ff87097014ba23d39fe60fa328ceb28
magrittr,help/magrittr.rdb,bb5cf8f72e43223bd91f89055628dc218230e8d9ffd5fbb826a66fdec55edfaf
magrittr,help/magrittr.rdx,d2417e1befb07082815f46ee01412dc5be16ce018e34b4ce786685dde9db111a
magrittr,help/paths.rds,0c3996bf191f660005e9887bd2c1aae63d518951b3bfb57bb7cc0c54724d4731
magrittr,html/00Index.html,3a6e5833bffdac4e93a5e216f18cf098b1d01a46071ca12882de795cc149cd25
magrittr,html/R.css,3d290675266eebeba6efff07db879d699843c80bf428f9e71000e2fc6078f5db
magrittr,libs/magrittr.so,0572d9955bd0d0d90167638c015160853798a78b905bb052fd5eb33d8ce2c647
magrittr,libs/magrittr.so.dSYM/Contents/Info.plist,a8c3035ba20406285859f9c15ad519e47b97ad64c3c38fdb6049ebc2409145a3
magrittr,libs/magrittr.so.dSYM/Contents/Resources/DWARF/magrittr.so,3d5e13b70d1cc30e42e661fbb22f6b37c0e4cd97a8d9dcc42ec53834b1bd9d82
magrittr,libs/magrittr.so.dSYM/Contents/Resources/Relocations/aarch64/magrittr.so.yml,2bd9cf5495662290f08888109eedf46327dd71081b2b242fc1d6927c3fc29b3f
magrittr,logo-hex.png,f5074d494cc57ae1412a1831df112d66c9c32492607c3b062fb48b60dbf88350
magrittr,logo-hex.svg,fde94f21c5a954e2e55f92cc1928521e0550986664abf915de4ac7c7e9b5945c
magrittr,logo.png,9ea08445a1b2875b2f113d1b15fafaeae62911c41b36563eefb6e0154081b0a2
magrittr,logo.svg,82f73f573ad9d7dba8305ae777507c60c67738e5c66f5101807c37cc78ee677f
pillar,DESCRIPTION,6673b12fedf2c45799149994e54d4bc02691f89969612cd469c881c5facb13f9
pillar,INDEX,dad4023880ed4fcaec424ce7013b1481b02add8cd7875abeb5b33c8ee8007959
pillar,LICENSE,f2f750126100f2772e0f428b1d97e2f5b175e39254a3db729a1ffc15aa1bb13b
pillar,Meta/Rd.rds,7ba5f8a757a7aea2616f317d5d9b849abaeb33add8438bff0f40f01c9d6f7839
pillar,Meta/features.rds,04abba1fbf14e9ebfa5018fd8a740842010982b85aad6aef0f672275b088d982
pillar,Meta/hsearch.rds,d98332a998fee80cefc8fba0e59c7d04dbce2a555e32c30d91cf599b529ac6c7
pillar,Meta/links.rds,36eecc57acea7a0ff15d349362603d60349503b899bfed58aedf5493b26725bd
pillar,Meta/nsInfo.rds,61997db6d1bf095e4b621c7fdce501448c581f5f2b501f8dbf4ebdd531013db9
pillar,Meta/package.rds,231401e319c24bf39a2860c19f9cb68ab126289096f4ec32606eeabc7df3c594
pillar,Meta/vignette.rds,61f37c75434e17292f1dc6d980225ca5315d31e455026af4d5bc4a7ae1c91e97
pillar,NAMESPACE,1e1e37e7c06078798b524cee3b226d2625b78caddc59d3f826eeba9f575349b3
pillar,NEWS.md,afb7228dcb5a1c0945a0f90a58030d6d541c4f9bad68ec3a9d04299508855729
pillar,R/pillar,570ca456b280cdeb201ef5ebdf22dc8f80092e2c0c68e33c7f73340e420f3759
pillar,R/pillar.rdb,eafd417a73df9d7b5a1817f657fb268519a0fbe0ab25643d6450e9fd64b3f7a4
pillar,R/pillar.rdx,9f4806d8013e2fbf2014db5fb3829ee914b44166c2848b1350cbc76fb46db20d
pillar,README.md,296454c9b99e4368d3a69528a8f0861d429144327be70e93d31b2931f1dcfddd
pillar,WORDLIST,55bdbb1cd657efda91443771425cd59a74eae36e13dfa01c5f1a26f32df45372
pillar,doc/debugme.R,769e227712341362dba06fc60cfc60ba76214ede0432e470c1c534080d1e36ec
pillar,doc/debugme.Rmd,1de71c175b435d4146fcd303dc01ed4d067700c6dabc22230261b2e6780955f5
pillar,doc/debugme.html,985be54be944d1e823adc2c30fa54fd426bdcce8ada3dd576e909ff24d4fbc08
pillar,doc/digits.Rmd,0c81e713c42ecbb052ded46465809c952c6874c24b8262ccca4f77c469a122cc
pillar,doc/digits.html,e6b513d799f7126941f80e9cb0ac39d11d7a30f00a5bd31d08d6369b1acc82dc
pillar,doc/extending.R,d64d2e3c0eaf6b796ad33bfb875df91e8a9965a0d8f60a403f287da0c1eb2fcc
pillar,doc/extending.Rmd,3ddaa82683ef919c6a785cc023dbfd1682e49fc16dab43bd9fbbc22a16ae2958
pillar,doc/extending.html,d3c66f4e28604e0dc53b79d169b69a413e43d6bc4634f335f7baa177f5eec348
pillar,doc/index.html,77dc5a55f1f447150706cfd32c271b2cac355f40c935b1f2dc9145bd7e2c8151
pillar,doc/numbers.R,c5c22eb4753408a200cc20594dc4a51a3c61a0f839e2391c616532491ff10784
pillar,doc/numbers.Rmd,b0d69b6dc473a1094da6f86599b156fe4ec5eed1c2738aa68687d7b3bdafe9e8
pillar,doc/numbers.html,7e5e851dc446bbcc1958653188e26ab895a7738ed2c1ca607865c87cfc380346
pillar,doc/printing.R,358faea2e0a8a9fedc9647b71be89d694032b34e1359e4604f7034753914936b
pillar,doc/printing.Rmd,e2ebafa09e541c7f5e92b8ab0931f437eb9a7e3b4668a43957c82634d4206f7f
pillar,doc/printing.html,f6fb3555aed89baeb01724738cde01ad3128d02adb2343fe9e73ec5899b44185
pillar,help/AnIndex,0627a382f5a1622a79a5ce3705378e58c8b1226f80f83422b8fd2f90c71f556b
pillar,help/aliases.rds,67ca2725c25ef3d8cf5367f6324b0447c1aafa3fbf7b4ec3bff2a53719e9b1b0
pillar,help/figures/lifecycle-archived.svg,e51548be52932d0b0468f5b11adcbebac08663898a7c043871864b0064710e86
pillar,help/figures/lifecycle-defunct.svg,977a9d51157cf76f89e0d5562b8b57b06560682c4cc9e44333e9c394629fb520
pillar,help/figures/lifecycle-deprecated.svg,7fefe18cc3b7059272fa85ff40c4a95739bb271276d819fe782ac38db295a07c
pillar,help/figures/lifecycle-experimental.svg,ed1f8972de7fdeb5dedc1087ea043dc4953dca5d58f54286b4c0ab297eefbe90
pillar,help/figures/lifecycle-maturing.svg,9f33b55a1806ad5a3d565a0855a91b47ae26b7cf1ff0f025758bbd15b4c3984a
pillar,help/figures/lifecycle-questioning.svg,2feb00c21e12843cd1cd2e821c941628331dddbb26e34e58c40bb11dcffea89a
pillar,help/figures/lifecycle-soft-deprecated.svg,3a1280ea3869c1ffd2aa92d984e197eb9ac823746d018f000c5d53117ad257b1
pillar,help/figures/lifecycle-stable.svg,4817300514459f5ac876b1a379c7bad15d6049e1a954b71455ab78d76b83ffa0
pillar,help/figures/lifecycle-superseded.svg,c425824d3301dc7d4dc0100d408c4b469f488a8488be748a1fbe61abae5bab9e
pillar,help/paths.rds,4263604f85b4399cea14c57ee7a357adc28d3da7415ad62dd26f463e76ebb23c
pillar,help/pillar.rdb,49422c13ecc20698d1ffcb734aab1fd4514508d51af596b5700e73133b260873
pillar,help/pillar.rdx,be47379198dc7e9ad8b61b0bb3393b6854da0bddc8d300f19bc79d701a264c32
pillar,html/00Index.html,1d04aeee0224a4ec36b025dea17e6baac8f8a9160fe0bc47e5c702a6782fb2f4
pillar,html/R.css,3d290675266eebeba6efff07db879d699843c80bf428f9e71000e2fc6078f5db
R6,DESCRIPTION,8143089b8029fe7a6d763e76acf2924bfb86a06609c24091b8ccff1a3081f5fc
R6,INDEX,022ecffbac89eac530cb608cf1bcf4f180a37d6b7a7a4955e8b8b6e482ed7ad5
R6,LICENSE,4a241a4eb733aa770ae6b578cb43b8b16f0fc203c92ef3cd00e4189e0302dcf3
R6,Meta/Rd.rds,be33f311ffd923f4b2bcb08428b2737096855a687008e2ac1bacb88b497a4c9e
R6,Meta/features.rds,04abba1fbf14e9ebfa5018fd8a740842010982b85aad6aef0f672275b088d982
R6,Meta/hsearch.rds,175ff68beed8c981a29ee53f0dbc1f4da4089af8386dcd67ee640916609bf2e9
R6,Meta/links.rds,9a1926ffda6a39e03d0bce73835379da9816999c9a9bd9957bcbac061457abff
R6,Meta/nsInfo.rds,fa7cbda1f08ae239f5b4a4a9fbde2c4d5ab2668fc21b6e3f5a5f1d4fca1be54f
R6,Meta/package.rds,9ff82a6c026279121e365e020613081ad0a2d38d017a38d6701fe5541b08384c
R6,NAMESPACE,31da90b0bad5c88d36ea3f6186bd6805af73c86d65737d0e5f7784f92217146c
R6,NEWS.md,f76bbf1ba1767e27c03eae0fd43f2b086ef6f09a07fc261344a6b8269acae5cf
R6,R/R6,570ca456b280cdeb201ef5ebdf22dc8f80092e2c0c68e33c7f73340e420f3759
R6,R/R6.rdb,4a4cc3c7e2fbdb36cac4f46d13dd46375eea3fa7f5f977eb0e11fcdeada8451b
R6,R/R6.rdx,4aaeb2c77afe3d60263a85bbee08426e1a6b0d11814376e2215dd6d745578f6f
R6,README.md,f2c1f717e9fc7327a370a3eb76d7ea906061c1d8f45177b98b3f59c23c08d013
R6,help/AnIndex,e02465f06db3e48d8df3280f9d763206293b1444b9de0cfb8827855bed03c27d
R6,help/R6.rdb,4e4f9d4f022ae4040bbf99ecf2bd43c98f01d2c2c84d0b0479165ae4f998341b
R6,help/R6.rdx,e3d2a0dff16f6c36bfe7cd19ed6222dc40ddc90a8ae2ebfc863ad33ea43d48ed
R6,help/aliases.rds,7af4af02d459e0f77e3f80889754a78822bd8acb1842e37b4b504ebb5480d5a6
R6,help/figures/logo.png,e87e4355942d38949ccd00f22f0cfdf102e623d20d5da42f7bb264880400dcd0
R6,help/figures/logo.svg,b13905b90de81eb9d489ae9941136aaa24aefc8a0274958ef3e3f6d66b351359
R6,help/paths.rds,f8f351e67768b5d69f98cb7f1d34f8d646ff0928ec1eff4a6732b8c8ea555de2
R6,html/00Index.html,3ce9f70c82cd2e86a048b47f41acc316998bf32de41a7b833515da57defda0b3
R6,html/R.css,3d290675266eebeba6efff07db879d699843c80bf428f9e71000e2fc6078f5db
vctrs,DESCRIPTION,1517d538f8723463fe9b55bd826cea836e43bc1e4534a5ba2253b1d7fd2be66b
vctrs,INDEX,2860dea06439fc0c0afc9d884f4be0deabf73c9c11168c9b039fcdd9adff1611
vctrs,LICENSE,cf3ca4dadcd87073140dade7a0fac48fe9bfc249fd5152415fd44dad263c3447
vctrs,Meta/Rd.rds,51602c797f6b4afad4ca8b049dce7e24f812fa59d3b3ab277a8f25acf3cfc9bf
vctrs,Meta/features.rds,04abba1fbf14e9ebfa5018fd8a740842010982b85aad6aef0f672275b088d982
vctrs,Meta/hsearch.rds,137ccfd8d09641a6ed9cb329a71af828e747f5440de82e10a52d2f868ffabfda
vctrs,Meta/links.rds,8ce3f204b2d47b5e1d2228361df90c7985adde45dc12f35ec8aedea324a74c78
vctrs,Meta/nsInfo.rds,779347e0d1ea52b7880e7634f67e6017afe44a8012a783ed99afa5eaa683fa48
vctrs,Meta/package.rds,87ffe04069075795a583779ae2d702c38f3afb6a0cdcf869ed1c83c82c9c546c
vctrs,Meta/vignette.rds,3b20f6a1a824beb88be794661e1e5dcf8e68a043645ea5bbb9a67bd00aa0e573
vctrs,NAMESPACE,06bb832bc576d4b4a6b75cda70bb19d57d6b1f52f84bb609b843cacf44cc5906
vctrs,NEWS.md,12ed5d3e1a143f59278c5d76290b26f82607ca77bcf7600f2a202b1ee77eae0c
vctrs,R/vctrs,570ca456b280cdeb201ef5ebdf22dc8f80092e2c0c68e33c7f73340e420f3759
vctrs,R/vctrs.rdb,6574ce4f789dcfe754a897efd78e6444a39fa25d992a91852bbda0e330452be7
vctrs,R/vctrs.rdx,0caf951ff18e87f8d90310a8f27a5635cf54c9d7d9cc8be8bc688ca06fa86dec
vctrs,README.md,f153543ebc2475e18ce7084a4b44d3d02d0da8d187a13a93da329964c5ff0759
vctrs,WORDLIST,be4790368794ebbe0d0024e8bb5a4ac3e4ac21be62662e7dc55aead1b348e2cc
vctrs,doc/index.html,56c8c1d15dc9cf3e2db3baf9722807a36ecf4c1ed277bf63bd05f816b23d08f9
vctrs,doc/pillar.R,20802b77bac5c477dad96731e93c2a4644b67a9726821ac1e5d68dc7b7e8a352
vctrs,doc/pillar.Rmd,054e8f2f24bebb13bdc8e2e917c4d4eafd478cae7b23d5d17f8b4d080a0e5e66
vctrs,doc/pillar.html,b4a8fe6a7f66db6f9c2d7d3bc2c426e4e1bec034e84078a6a1bfb5a929483cc3
vctrs,doc/s3-vector.R,d765fb847e4cc84ab440a86cdcb54c886f53e7c9942cd0b99aad6e6063d82550
vctrs,doc/s3-vector.Rmd,a9bbb3dbf972c46469389d554c9cd0598e211976330efc1b9de2d3fcdcfb8633
vctrs,doc/s3-vector.html,49f7b148dbff82a4ce047b034c77c82dfa6d4a3f719bd0a7e0bd7cd2d19f90d4
vctrs,doc/stability.R,bd0adb008449f78cab2f3c0fc779c6a13b37bdfe86b2d77500de25bc32401066
vctrs,doc/stability.Rmd,c9e0435d716f9a6e6cab53f5338027be9b513ce5b1e0117ea8afbcf89f53da29
vctrs,doc/stability.html,e0d2e81f930253cf5fbc4a69a7ad3c1511c5e9aea3950f2baf7fcb0657218fdc
vctrs,doc/type-size.R,e280e76b1278764f9d390b25d3ffaf64ad5b049c35f27d552f0a93c448479c6b
vctrs,doc/type-size.Rmd,a198bf45a2624eb39a2a58e67636985bd789c36edc36af493b5813cb3838f8b2
vctrs,doc/type-size.html,9900f2f227abd8893ba57ee6b155ab6dbb206d61e2453d47c2d7dd4ebc05bd2a
vctrs,help/AnIndex,1c868f2f11ef0b8d1b0f8214fc197125cc93c83106bf3dd1d5b61b24a8e66146
vctrs,help/aliases.rds,aa84646a53ed3bce1c5239da8b11a50364e0928b189cd11e3c84d047e61944a7
vctrs,help/figures/cast.png,19e53d3a93396369d79cdbfeab291f334b209931688847170e71a933509e6267
vctrs,help/figures/coerce.png,2ba37022dced0aabd2bdde452d8584198db8bb3137005eec29f2f8185eccfa00
vctrs,help/figures/combined.png,0199107cb4a3deecd6812a464a2fcecfc2d8bfc235d69d658608e3c78b788524
vctrs,help/figures/lifecycle-archived.svg,e51548be52932d0b0468f5b11adcbebac08663898a7c043871864b0064710e86
vctrs,help/figures/lifecycle-defunct.svg,977a9d51157cf76f89e0d5562b8b57b06560682c4cc9e44333e9c394629fb520
vctrs,help/figures/lifecycle-deprecated.svg,7fefe18cc3b7059272fa85ff40c4a95739bb271276d819fe782ac38db295a07c
vctrs,help/figures/lifecycle-experimental.svg,ed1f8972de7fdeb5dedc1087ea043dc4953dca5d58f54286b4c0ab297eefbe90
vctrs,help/figures/lifecycle-maturing.svg,9f33b55a1806ad5a3d565a0855a91b47ae26b7cf1ff0f025758bbd15b4c3984a
vctrs,help/figures/lifecycle-questioning.svg,2feb00c21e12843cd1cd2e821c941628331dddbb26e34e58c40bb11dcffea89a
vctrs,help/figures/lifecycle-soft-deprecated.svg,3a1280ea3869c1ffd2aa92d984e197eb9ac823746d018f000c5d53117ad257b1
vctrs,help/figures/lifecycle-stable.svg,4817300514459f5ac876b1a379c7bad15d6049e1a954b71455ab78d76b83ffa0
vctrs,help/figures/lifecycle-superseded.svg,c425824d3301dc7d4dc0100d408c4b469f488a8488be748a1fbe61abae5bab9e
vctrs,help/figures/logo.png,e424901e7efa4318012d606a08a7b8314873e4f719e3dc8f5660911f2524da89
vctrs,help/figures/sizes-recycling.png,71e3d68569a6f33c7d444530b7ded444942c28844886677708e2cc874377033a
vctrs,help/figures/vec-count-deps.png,1dd567cc68a9b369d31e255eed728d5b22d61e74e226b4aa1ef1a9b0809a5287
vctrs,help/figures/vec-count-deps.svg,b75092ca48eee9e892ed187cd6287fa6c642995fe0f5cbdbda78db00e3b81313
vctrs,help/paths.rds,a8aa692bc64013c88d0d7365f37ff23cf6b281f2b63adee1f57dd99d1f40509f
vctrs,help/vctrs.rdb,63be88ae4a781d7b7345cc36fbeb14618b45178d4cfd689d5d580e1671965e58
vctrs,help/vctrs.rdx,469a750a8d62e7dd344364665da3565327c31e43c359e107c39ac056de1e418f
vctrs,html/00Index.html,901ea722bb1b5a78050d1474922018dd5b3c140ade973f769b75a6ea7ec34223
vctrs,html/R.css,3d290675266eebeba6efff07db879d699843c80bf428f9e71000e2fc6078f5db
vctrs,include/vctrs.c,1d4a93093b7aeb915508ddc0493b57c0778d9e41fa0a8783fc680e920b28c26f
vctrs,include/vctrs.h,7e1bbbe4eaf8239d002ca575b5c2eab8fa434b2ae7af494830785e92e2f86204
vctrs,libs/vctrs.so,7af16ba230d416ec7dff591fe0aa1c8a4c12a7e9d325919cceb25307fbb8579b
vctrs,libs/vctrs.so.dSYM/Contents/Info.plist,183205fc261d445dff8108abefed6d160dbcd029ef7e926cc690cfd894b5bbe1
vctrs,libs/vctrs.so.dSYM/Contents/Resources/DWARF/vctrs.so,3d79eeb8420ecc7c5d30a48aaca23e3763ca570422a0b6c249b0d83a67ece2f1
vctrs,libs/vctrs.so.dSYM/Contents/Resources/Relocations/aarch64/vctrs.so.yml,cc83a6d3d9f8245394e060b31da7667ce72bb7122bd3b9e70ecaf2b896310204
utf8,DESCRIPTION,3238461a4c4faa6661fe51b6f060e33414553b6b658bee829c78d64245d0dd5c
utf8,INDEX,ae5b1703f53ecfa22b6e0cbfebad0f1b783ca794e481919b4c7a1b4e0ccbe4e9
utf8,LICENSE,cfc7749b96f63bd31c3c42b5c471bf756814053e847c10f3eb003417bc523d30
utf8,Meta/Rd.rds,1d14c31f56a0b47ab95842c132232e43ca69ecd510446e86bc389587fb620ebd
utf8,Meta/features.rds,04abba1fbf14e9ebfa5018fd8a740842010982b85aad6aef0f672275b088d982
utf8,Meta/hsearch.rds,c956a39c8a877f7a0e84ca671e52895179ea9e9d2ae4ae310e5e59ccb68c4ebd
utf8,Meta/links.rds,7a0e3228bfe142860ba0134403ba0aee7144c65cdfb0328a02a02f3526caf760
utf8,Meta/nsInfo.rds,e911aaea293f7c3e8b190108f0e7dcb4460cfb85444c0db8bdf125700c7010c2
utf8,Meta/package.rds,ea020853faf052c8d6c23fb5846a21320d1e751f526b5ffbca1e5d2bdc851516
utf8,Meta/vignette.rds,23de00ddbbe83409d552e6411b90ea5743b3fa19aca2c6782886bac9c21d16ca
utf8,NAMESPACE,fc0655fa2b60b691c4f3d9ee49f86cce520192cb463077a50ea002cc8c82fa35
utf8,NEWS.md,2830e686a58b3f3012446e395b2b6b5adb6aff84684d857b2d9fc7a7faf121db
utf8,R/utf8,570ca456b280cdeb201ef5ebdf22dc8f80092e2c0c68e33c7f73340e420f3759
utf8,R/utf8.rdb,f6b37221bc85ebc4f9fdc2f88acbedd275ca6c9851601a55a5b283a15a3bf589
utf8,R/utf8.rdx,8460c839ade9d4d3060cf85f9c3e49c800778b0e5a22806f6843aeab64377200
utf8,README.md,c78f132d8b9dd6ca65f800501ba5f861e3d0a4b2bc33a21173daef88e454254c
utf8,doc/index.html,9a3246a4917e1b527d304840a855dc857dfea974dfad6a0e8f191fea61abf74d
utf8,doc/utf8.Rmd,4778ca88d3db480932d4c0f7b96e56dda88bad063c6edefed8135c2b649e0029
utf8,doc/utf8.html,617d3ec94e4cae69abca26e7bf66850e29109098919e7c9cbe8a67c0911d69b1
utf8,help/AnIndex,9f730763c8a209b248ee126649dff05a19aefdc78675bc2e2289b62e77606688
utf8,help/aliases.rds,99e5b0b561bd8315fbae1077602266ed3144051f3bcca80066bb8c799fb35450
utf8,help/paths.rds,67a82b0a13c3a410b841507c0889512d1242807bca8eceb7818fac016cdc11c5
utf8,help/utf8.rdb,92c669e2f6781534ecb8d3d77b1ebdfeb5d357c9c1512a1077e6ba9d42c373f4
utf8,help/utf8.rdx,1133d44681d9fa8164c48d81c6445713f2d5bec702fa3f4c66d2225d0485585f
utf8,html/00Index.html,1696a3499a1d74381d701b774d1e5325f7437aab4a8bd8141b432d02f087ce4e
utf8,html/R.css,3d290675266eebeba6efff07db879d699843c80bf428f9e71000e2fc6078f5db
utf8,libs/utf8.so,58f19f5097308c6a892a319db10564857cbca15c5e3b4e1593845cf4c653ec52
utf8,libs/utf8.so.dSYM/Contents/Info.plist,fd1d38fe8ec33272f5eaa11b5b0a78d760fd92b1c6a7d6e77e8562d1eb19e58d
utf8,libs/utf8.so.dSYM/Contents/Resources/DWARF/utf8.so,4eec73a4eca4f1447ae93cedad6f2af9eb5dd1a73f34b800589f1027ddb6b933
utf8,libs/utf8.so.dSYM/Contents/Resources/Relocations/aarch64/utf8.so.yml,8a5edcbea6eea4dd7aa798d5794c12a80eb5d2d4468f364579995a36434fbaf1
pkgconfig,DESCRIPTION,1a9f2a25064bafd0e2b822bcf8fd1b48649645d1c9470746138395a0ab267ce7
pkgconfig,INDEX,6aba47850f91b22f0cdf1e23b2a6894a9967be04034b0304a95a09bf935f39e9
pkgconfig,LICENSE,375d96241b4a2ead695a70ac4f52909d35b164fe1b68dd67e935a7d8f6a47bf7
pkgconfig,Meta/Rd.rds,4143252aef39f845872ec5afc7c410d0b58f0ebccd4c74e47da30046b7f02411
pkgconfig,Meta/features.rds,04abba1fbf14e9ebfa5018fd8a740842010982b85aad6aef0f672275b088d982
pkgconfig,Meta/hsearch.rds,9e2f73206b8bb1683f145717a252897371797c3da8e956378488648212af143d
pkgconfig,Meta/links.rds,e0b4a9ee2599830f8df5c6a7432f310776c2602093904be73d118ea6037eb7e9
pkgconfig,Meta/nsInfo.rds,31a9d67a60999317536cafd61d3c914e2ebdd628ea0b797c39f168a269eacfdf
pkgconfig,Meta/package.rds,3f2f7ad3867a069c7e50b029be0b40a16eac8f66206410851ee976506b371d44
pkgconfig,NAMESPACE,b7e504072e91226799de1c3fefc2bdc5be605d462f6f54382c24de8981f0b149
pkgconfig,NEWS.markdown,d33bc6958285f93c55dc23930b9280416fd929e25c304cb15adddd87b9e345bd
pkgconfig,R/pkgconfig,570ca456b280cdeb201ef5ebdf22dc8f80092e2c0c68e33c7f73340e420f3759
pkgconfig,R/pkgconfig.rdb,726280e2237fd38155c6bccf34fc3944d2c287dfd51f91ee4faf1b6f4156040a
pkgconfig,R/pkgconfig.rdx,e544b683e28495bb8c3ab82fa3d25866b75f12f7d812d310e7c0496f5564941e
pkgconfig,README.Rmd,1dd4466c1549b978bab20b340b37eba5737bb67966886ed50b0a638d2bbcb318
pkgconfig,README.markdown,1dd4466c1549b978bab20b340b37eba5737bb67966886ed50b0a638d2bbcb318
pkgconfig,help/AnIndex,ad7f9e685fb9d1213da025bbcab4454df2fa04e46a3b2543c252a0c942f87c34
pkgconfig,help/aliases.rds,bdfac8a51b680b4ffa42cb871c0b0b5ea33c495135cba56ed8e3f434f5fcbef3
pkgconfig,help/paths.rds,886c4ce89617ea814834cd5c9aaa423dba5b9e2050846e92de8a8033f2a138eb
pkgconfig,help/pkgconfig.rdb,975aed1a2b3bf54f890eb54a4a6c2a66ceaccb951cce9a913703b17af2691f6a
pkgconfig,help/pkgconfig.rdx,abbbe0865a079b5b7ba8c9d7ed3c08184dfeba1085622495f6640e2fb13dcbe3
pkgconfig,html/00Index.html,b761710f6d1c3048e18953e24d41c1e9e508a48ebcc52fdf73cc139ba8bdba15
pkgconfig,html/R.css,3d290675266eebeba6efff07db879d699843c80bf428f9e71000e2fc6078f5db
withr,DESCRIPTION,483b987b6c429b563accdfac9a3eba7702fe59a4ca3244951e5f9e1ee27c5ca5
withr,INDEX,19e8210b99643ac1b64bcdc6a41c9a59c6d43f31a91d9d4380c62c7a3b69bd0a
withr,LICENSE,f977839320e6333860f1d7541afb87508bdf303bd91eea546d84fb2f10aad004
withr,Meta/Rd.rds,8ac50d89975d4ad560ea4b37f3c672c6ba8b344245fe4b3d9ab29d8001360552
withr,Meta/features.rds,04abba1fbf14e9ebfa5018fd8a740842010982b85aad6aef0f672275b088d982
withr,Meta/hsearch.rds,44f32e3feb3d630afed3f9ffff08e28e7e6d7f6448d50eb0f59ed5fca025ee7c
withr,Meta/links.rds,575b4a2e17c0a3ebb0f6b691caca39603fae0456dbc9deeb49fb7b2a994bee66
withr,Meta/nsInfo.rds,d87a6a59ed5fefe940752c8779d9384930e47601300adce431e5b3cc270a90cb
withr,Meta/package.rds,8bf65cdfdad44b91145403f3a68419215fab66f26610e60d63946f078a3365f3
withr,Meta/vignette.rds,f839fb97312f036e6d06ee291c5d9d2b22b4b030ed03545dbbc7091601687f56
withr,NAMESPACE,9ba69201547b1a06a443729666801405bb2019ca10f8bdc40361c4056d5471de
withr,NEWS.md,0fed203f1e3647184726c47d8f6f651fc64f3e66165a208e389e69ecd32b3702
withr,R/withr,570ca456b280cdeb201ef5ebdf22dc8f80092e2c0c68e33c7f73340e420f3759
withr,R/withr.rdb,ac4172942715f774f17351b10530de789b7ed2180fe34102b706bab1b41cc8fe
withr,R/withr.rdx,cef5c2948ba361225d28630c842fa87248d575d31106fc634cabae8dc1d45264
withr,README.md,cbfbf7f7978e631691dbe2d0686b92fc8fbdaedef9b5e9dc04acec07d3e4d47a
withr,doc/index.html,1e3c7ab82edfec0261fd5ca0795e612c2c9b0b784e55c8aa1fbe73dead62bf18
withr,doc/withr.R,834d016a9f7c85726c8c5c1cb7b8c20b096e2eeb2928b39f1c6cec8830ba99f0
withr,doc/withr.Rmd,33524f36299525a3764d72e4ac0104c385e926c927ddd96d4b2e1691741cc166
withr,doc/withr.html,c7b55be66081593250652945d3fee2ae4c9ecea839cf312840892af69d956263
withr,help/AnIndex,b785b1717e1a64aae53a48a9202eecc0287635d773655f18a1af48c07e4b985f
withr,help/aliases.rds,950867a2741a373d36ff18d54a447df4837d7f60293c930d3dec1a510afcfe02
withr,help/figures/README-unnamed-chunk-3-1.png,45aabe40fb7bdaa8f6e23d7b898fcdfd27bf4da98b629b3ce59c10e446d92e85
withr,help/figures/lifecycle-archived.svg,1f91adc5fc098480adc7ae083713d15e4e6d4915a5c6a1ed6488145c480917e9
withr,help/figures/lifecycle-defunct.svg,7d6559cb01f8d78aa1e1cb416167de90ace6d1441d3e088062dbedf9891fd69c
withr,help/figures/lifecycle-deprecated.svg,b325b309900c9843a235f147918eab4f3b9bcca228656ff16c48bfd067337481
withr,help/figures/lifecycle-experimental.svg,ee207407774f49e01a44c86370569aee540c468cfc00b4e1d7fa4c9c9ee626af
withr,help/figures/lifecycle-maturing.svg,7edd59bc4d9fb8d901894a301aec9a9cc0b5e0144239074ae9da679c2a19003b
withr,help/figures/lifecycle-questioning.svg,94ac10480d97a8bc0b8e625aeb38d85747c77648f0c85b18f119957545f47552
withr,help/figures/lifecycle-soft-deprecated.svg,44f0804365bd36ebe44f91426029c4b11a66c389cbb9e1153cd1f69afa63b4c2
withr,help/figures/lifecycle-stable.svg,14e0bf4e2a6945ac25e73aa3324b47f414fc3055faec1ac20e8f7d2c1badacba
withr,help/figures/lifecycle-superseded.svg,a471d61997868b34d1af241fb4195ab348118046f6df3af21fd8a961ea0c248c
withr,help/figures/logo.png,37a8730671e9d276998bb678c7f73e74b8611e540ea6a60e52e87385b0fe0ded
withr,help/paths.rds,80a3d5d74fe8d23c9754ce4aa98baeab82a8240c404bf4909eac40b0cb7472de
withr,help/withr.rdb,5d5e3e2d6d39895927b85a483a04081f2512771084c5fb992a1e44b4410272e8
withr,help/withr.rdx,e6d9b590eb70d289fc66f867fefa60d7d5f0e87bd9fee8c25aa77bab1e420e2f
withr,html/00Index.html,4524eca350ec80759f898fcdc4fa36357bb651fb1c8a939fd4e53a41f89f5d5d
withr,html/R.css,3d290675266eebeba6efff07db879d699843c80bf428f9e71000e2fc6078f5db
blob,DESCRIPTION,7db84fee55a2b5d64f238d10e0dcd9df199ff2360a8afa50eee07e56731e530b
blob,INDEX,4ad6a2e85d04f2201b28b6c2ba874260877403f828713673fe745fd417654721
blob,LICENSE,28dd64ba4bf3288237ed8c749affe45a28292853c245e983ba732ecff408070b
blob,Meta/Rd.rds,90ccc643d9a77fcd08b43688bfc00961534905f8cdaac65315114bba9f2abd2e
blob,Meta/features.rds,04abba1fbf14e9ebfa5018fd8a740842010982b85aad6aef0f672275b088d982
blob,Meta/hsearch.rds,979683e51b75c761e8f6a99530171dc64264bfd176ace83020dbf0eb6f290817
blob,Meta/links.rds,cd011b3c054fb9f21c12b263a1724896abbfae343bc697ee5682ed8c2efb36a7
blob,Meta/nsInfo.rds,674bf7d05b481c9cce9bb03e12bc5c137bacd40a17353a7634053c73922fd23a
blob,Meta/package.rds,a531a5cb3dbc877ca5700ce0d69da411f02a14ae441b4126a9a4b54288410176
blob,NAMESPACE,b66c159b673a45fc2c9f2fafafbc09e9cc2994ca0f66a36fdce5d200ee1146c6
blob,NEWS.md,46220f5dc73837add56993fd322de982b3f96ed2a4cb1d4bfa6c8f6aa498dc2a
blob,R/blob,570ca456b280cdeb201ef5ebdf22dc8f80092e2c0c68e33c7f73340e420f3759
blob,R/blob.rdb,a8a0d0b1de0d8ba71db43dbdc8a0862f4631b40071dd7cb94c619efd12910fe1
blob,R/blob.rdx,37dd87c118012cc72333273c57acc6e682c2582fa6250719f764555a586c2620
blob,README.md,0e2cf0b473c5faa51526feec2111ae5d4c5cf6cfc114454eb4c012260a72231e
blob,help/AnIndex,204bbb134fda94eba258480f5a431d7abe93d3e931c0c601efab5948b54cc2e0
blob,help/aliases.rds,8017a6a5838cb8e11e6b9e6328fd53c00cf3f96503f11b4a69c734ba27d5e808
blob,help/blob.rdb,b87bf78ddddb0929ef4dea18e6ef8ce7a6941d3ea804dbd4bf34546dae3d41c2
blob,help/blob.rdx,a58bfb94f13c2784c2ba5e90c18ffb1879b4c2634f47d338b59ddbde88a7159d
blob,help/paths.rds,9ee0c7b799c71b81f0864336abd626b456ed24f9d64439582c8b255d0c33601c
blob,html/00Index.html,e3873fa8772b9b5f491f288b35397e95ad6bd7fd5f58ee2a5b09d54f8fa1b15d
blob,html/R.css,3d290675266eebeba6efff07db879d699843c80bf428f9e71000e2fc6078f5db
purrr,DESCRIPTION,7add144ba11052536886eff2c7e90ace5e00bc3d61c839f535df1984225fc77c
purrr,INDEX,5e955572214bdb476151a4332b9dcbaf521907ac7ee8149755978725a892da04
purrr,LICENSE,52814ff0b77d495ff6e4cea3e90a85bd235bc557f2cff2edf5070ecd7da680b7
purrr,Meta/Rd.rds,f61f1069770119d7ba910ec094c1dab2922d805c28fd0e92622d454252adb724
purrr,Meta/features.rds,04abba1fbf14e9ebfa5018fd8a740842010982b85aad6aef0f672275b088d982
purrr,Meta/hsearch.rds,75db05075821f95b39925eeb2286dbbf66fdd970ffebfbb6c163376c45f9c96b
purrr,Meta/links.rds,f47e8d470c713d1ca460eff708433b2b9bce159c04666552d6eab14773ae4cd7
purrr,Meta/nsInfo.rds,3efa3ec95c7430db74dd22d672d38500b684fc175e15083d7f3d56ca09095f96
purrr,Meta/package.rds,5d99279fe01e4f80b97e740a907f8e57e6f329cdf98a85575fcee1839bde5d38
purrr,Meta/vignette.rds,9e3d96d9c129a90b83f96ec09e6f4ab8afaed9329e46929db612929c670311e5
purrr,NAMESPACE,4eaf074c19b752ab8ed6ae947ec00cc184634e31757b733cbd0997589eeede53
purrr,NEWS.md,7fb412eb7d9eccc10f780c7303ddb48c522c343a4e0dbc6e35ad020eea0fe26e
purrr,R/purrr,570ca456b280cdeb201ef5ebdf22dc8f80092e2c0c68e33c7f73340e420f3759
purrr,R/purrr.rdb,1efc6aa7484a9585d2379751fb8a67ff8cba3412b7c474079d7a6d18f9c2419c
purrr,R/purrr.rdx,f619723d8e57ac16992961d3c717df20a56ee5aee2b44dc0df2892df404a1915
purrr,README.md,c8b98424900d5b68bf018f5d4f13ed29c2cd559319b05fb24d6fe87e731015ac
purrr,doc/base.R,ac4b080d06389139969d943d1bb5318bc5b09acf806f7efbce812eda6d5a8efc
purrr,doc/base.Rmd,565188abf003c8a86ad5612cb341c7918da215abed361258bb34bb3088209ded
purrr,doc/base.html,44f714c543b4a63d52ade87a970da382fdeca819a5183c39ac6a437c716c8944
purrr,doc/index.html,8fbda68cc8d6207b4749563b9e6cbafa1c7cb6eccff936bc9d0fa31b7f736ef8
purrr,doc/other-langs.Rmd,630a4d3528dae83f799e41f3ddec567d9b0dcb905eeceed1ab203f7b04947157
purrr,doc/other-langs.html,f182990e7fadaf5a3be37ae567fd311c213ddf4d0c80fe2dec6b6fcb96c2b423
purrr,doc/purrr.R,8840ca7ba70386a34fc0c80ff3040db074d03edd5a992b33c8f48c49619aca7c
purrr,doc/purrr.Rmd,5d66aceeb205701814a68850d0b3b481f9e659245ec5ba94294c52d7555069ff
purrr,doc/purrr.html,145c9e7d67fc4310a42df877a2e2fb95fcf3237d907788dfe7507814b14598c1
purrr,help/AnIndex,d0822d264796ae7cb6b06e9e077791b0ae691aeee8685734cc9c25ec1e0a0fe0
purrr,help/aliases.rds,3466af0a1bf8b9c879f92c3f5b12293e7b5079e4bf9c837cdb5ab76ef40ec303
purrr,help/figures/lifecycle-archived.svg,e51548be52932d0b0468f5b11adcbebac08663898a7c043871864b0064710e86
purrr,help/figures/lifecycle-defunct.svg,977a9d51157cf76f89e0d5562b8b57b06560682c4cc9e44333e9c394629fb520
purrr,help/figures/lifecycle-deprecated.svg,7fefe18cc3b7059272fa85ff40c4a95739bb271276d819fe782ac38db295a07c
purrr,help/figures/lifecycle-experimental.svg,ed1f8972de7fdeb5dedc1087ea043dc4953dca5d58f54286b4c0ab297eefbe90
purrr,help/figures/lifecycle-maturing.svg,9f33b55a1806ad5a3d565a0855a91b47ae26b7cf1ff0f025758bbd15b4c3984a
purrr,help/figures/lifecycle-questioning.svg,2feb00c21e12843cd1cd2e821c941628331dddbb26e34e58c40bb11dcffea89a
purrr,help/figures/lifecycle-soft-deprecated.svg,3a1280ea3869c1ffd2aa92d984e197eb9ac823746d018f000c5d53117ad257b1
purrr,help/figures/lifecycle-stable.svg,4817300514459f5ac876b1a379c7bad15d6049e1a954b71455ab78d76b83ffa0
purrr,help/figures/lifecycle-superseded.svg,c425824d3301dc7d4dc0100d408c4b469f488a8488be748a1fbe61abae5bab9e
purrr,help/figures/logo.png,f6d69231dd5e927cc4e304c44d09b32ba3b234f1980ce803005a7434642455ed
purrr,help/paths.rds,b2700f32c70391eb4a006e8d51159d1c19438c2abf5f39974c90a326620cdbcd
purrr,help/purrr.rdb,a9ed73c2ea2eff56b6480a31eb4d6cf5a0ec3c9869f03482c1d490c9e60e7f8c
purrr,help/purrr.rdx,3ea7be7fd678a7e2b32211d6989be200ac185bb3dbbd197af78f1cc0ee8471da
purrr,html/00Index.html,c813f90586e1ab9e4ae8d10ba0112e807a9de08ba01ab28df2e80ff9d8b268c6
purrr,html/R.css,3d290675266eebeba6efff07db879d699843c80bf428f9e71000e2fc6078f5db
purrr,libs/purrr.so,d78ffddba03d1f973de44e6e6178c01d81d7f79774541e1769b2e560d9e62e00
purrr,libs/purrr.so.dSYM/Contents/Info.plist,268e535d5155b85e2cd5324db6a32b709e46f8534f6b6ffce609dad604955440
purrr,libs/purrr.so.dSYM/Contents/Resources/DWARF/purrr.so,08d834a016440abfc04a18cc9d4c974ee7b6a04ddccfcc112edc10c6fbd1abe6
purrr,libs/purrr.so.dSYM/Contents/Resources/Relocations/aarch64/purrr.so.yml,2e4287590d77d90232ad0350518c429fa599460cc663946da6d191b59d94e393
tidyr,DESCRIPTION,570ee59799b89c9a7e322658246b4bb09b11a5bdbc52d7f5f65e442577997a09
tidyr,INDEX,dd7ff1ae01a40391ff6704944d6609b5f707372dc9857a0df0f8fa6e029b39ce
tidyr,LICENSE,691e3cedf43e97386f568d4f6d14b6525d2c6954c248e06d12b911609e8fa5c4
tidyr,Meta/Rd.rds,8ee139d207b836302d6b4f6677201235a88bd71e00e4d1916a47e53d18de763b
tidyr,Meta/data.rds,90ea0dae270f3a6be1c348e4a01ef21b0c2dfc546b55d22beadb5f58bffe7f4d
tidyr,Meta/features.rds,04abba1fbf14e9ebfa5018fd8a740842010982b85aad6aef0f672275b088d982
tidyr,Meta/hsearch.rds,96f68c0213469c6085137d3e735185edbb384e2e7305b8976119b36d09bcb0fe
tidyr,Meta/links.rds,6c4430b98d0f2da275e6a0bbc6a833a552953d9aad446ee008d9dea2cf98b8cf
tidyr,Meta/nsInfo.rds,7cefd852b23163f1fa6a77ced4c1be1bdd1406997cfd5d7f3c998a3a21e4d75d
tidyr,Meta/package.rds,d492c3486e05ba67cf46165cbf7e893c9c9b43a772b579f0349081bedb7350a5
tidyr,Meta/vignette.rds,f622a7ae98a6b0f2b1a61bbcbda957c3ebd4d312bcd75e37578f02c86b99cdcc
tidyr,NAMESPACE,b4c33b75db100f78b4416e29b107b46da49878ec9db9ac4c384b4f3115414598
tidyr,NEWS.md,03c0ef00711f77b8422118833885ab57d77ec84fad894dd8fd0add5e4acbaade
tidyr,R/tidyr,570ca456b280cdeb201ef5ebdf22dc8f80092e2c0c68e33c7f73340e420f3759
tidyr,R/tidyr.rdb,6e6de30a20ac6a8c73184f241bc7f7fb54af33b365c16b06bce49eff5495c0b2
tidyr,R/tidyr.rdx,cdc115e8dc4f67868982f7f2c08b09c6d94df6fa8167e7ea6415fc70c6a04935
tidyr,README.md,4762d96628fda5c3de5f2cd1004a8c13bdb9cdcb105c878f70566f2c5e09759a
tidyr,data/Rdata.rdb,d0d61593beffee72a3f21962c399d47cdba21cdfc5c02bf98678129b89c37c30
tidyr,data/Rdata.rds,fcef529dd46fc5cf20cbba022ae25dd8c83e1a7746999a76e95bad22b3143e1f
tidyr,data/Rdata.rdx,6a67e6c663a088461ac07e8a114c7029d1c5bfbf7860da297c46b427e0d57e0c
tidyr,doc/in-packages.R,5ce3ef8bae6e2e63008cae81015fc3cd48b49ddab53a9947d4bd14c204748972
tidyr,doc/in-packages.Rmd,ccf531e9a80a8c22d1ff63b8ace725fad61f11d3030d91ddba0cae73ac5c33b3
tidyr,doc/in-packages.html,e36516019a07d1b7e7cc835a63d148ed8951c98e181db181211c511236ee6a20
tidyr,doc/index.html,73e8cf93f5ef66b4cb20f2ae3985428aa57e9966c514450613b5a031cefe269e
tidyr,doc/nest.R,5ee47df4084b8541cac4887b5ff8c48d99581467922f07680af1e852e49ff099
tidyr,doc/nest.Rmd,454b3a646ad102ee3112514148e42a7dbba98fcc45037c996c28e33fde453d83
tidyr,doc/nest.html,31c9e7037eff5ed1527ba9460980cba4f22612ac7da015e8c182cbe2b22b8561
tidyr,doc/pivot.R,7df2972426e101a588138e5ace120b0765f9215a4047aca3d35b5265fcdba6ee
tidyr,doc/pivot.Rmd,6d3812f66a94758cafd0492e8ad4d0587bb1b307afc624ef4b6ac93f85c85908
tidyr,doc/pivot.html,2e901209150021c480fa6e269536901edf21c4ee2c4a844db1ff2ed6fa2bdc23
tidyr,doc/programming.R,8c9210220f9969ae8fb2ad9b3113e9100b5c34211cb37abceb2ee45a9be89c51
tidyr,doc/programming.Rmd,bfeba812635a5f60addadd3fa531ce21146d66c0a2fb2cec982b1001abb26f24
tidyr,doc/programming.html,c723d711839c260daf749f680b23f533e284945817a63c6e3416fc0e47d694e1
tidyr,doc/rectangle.R,723b385a0aa2234e0c32148aa71e4f5277947550fc5fbe8563a8ddf23ba7d874
tidyr,doc/rectangle.Rmd,2e21664a4c5f7cc33564e8fb2c1e34121ff56aebc3c419bcc736e200a18281a7
tidyr,doc/rectangle.html,18a7f57a1d3bc4c17c6e967b9b7880f25b78775cff9dc2a87423b4d8c3c58e1e
tidyr,doc/tidy-data.R,8c48084a40724c6d28583cb3387e35c25a65b5819a8867b9684dbaf17d266d7b
tidyr,doc/tidy-data.Rmd,0a6178eed9d0c1b678c29197e459a98aa33bcc1ccba05b88940304300aea162c
tidyr,doc/tidy-data.html,713db35518d1b218c715a9a7ec34817a63f1f57cb73b60e92f2718497b50ba82
tidyr,help/AnIndex,b789ca00b9cc528d299b983c492a297d17b312e6cb10dd1098fa4ab97cfa859c
tidyr,help/aliases.rds,0ae26d02dc83477b771a1e4eb0af93f2acb5f9c69981ea9779deb9754bf7c799
tidyr,help/figures/lifecycle-archived.svg,e51548be52932d0b0468f5b11adcbebac08663898a7c043871864b0064710e86
tidyr,help/figures/lifecycle-defunct.svg,977a9d51157cf76f89e0d5562b8b57b06560682c4cc9e44333e9c394629fb520
tidyr,help/figures/lifecycle-deprecated.svg,7fefe18cc3b7059272fa85ff40c4a95739bb271276d819fe782ac38db295a07c
tidyr,help/figures/lifecycle-experimental.svg,ed1f8972de7fdeb5dedc1087ea043dc4953dca5d58f54286b4c0ab297eefbe90
tidyr,help/figures/lifecycle-maturing.svg,9f33b55a1806ad5a3d565a0855a91b47ae26b7cf1ff0f025758bbd15b4c3984a
tidyr,help/figures/lifecycle-questioning.svg,2feb00c21e12843cd1cd2e821c941628331dddbb26e34e58c40bb11dcffea89a
tidyr,help/figures/lifecycle-soft-deprecated.svg,3a1280ea3869c1ffd2aa92d984e197eb9ac823746d018f000c5d53117ad257b1
tidyr,help/figures/lifecycle-stable.svg,4817300514459f5ac876b1a379c7bad15d6049e1a954b71455ab78d76b83ffa0
tidyr,help/figures/lifecycle-superseded.svg,c425824d3301dc7d4dc0100d408c4b469f488a8488be748a1fbe61abae5bab9e
tidyr,help/figures/logo.png,c6800c94af722603d1d6e18949090b5d3ee69e34f9d16454cdda9d39840c6bfe
tidyr,help/paths.rds,2f88acccebf908bc66d52b67faf10fa68a580b513d8837ae19a4d24923bee302
tidyr,help/tidyr.rdb,63cd403e911eaa88bb94781b63185700e49e28257afcb4713454fd95abdd24c4
tidyr,help/tidyr.rdx,ab86c54168fda5fa0dd5f2e74000ba211bfa96d5dad59b901115c1763aae77ca
tidyr,html/00Index.html,f9d9d668d0ad0def98ed571d091ccf100bd674697598283117e9f5de1eafdf45
tidyr,html/R.css,3d290675266eebeba6efff07db879d699843c80bf428f9e71000e2fc6078f5db
tidyr,libs/tidyr.so,37bffd101562277c22698ceddecc45c55526dbfae36fa1e708c08b98174d2c27
tidyr,libs/tidyr.so.dSYM/Contents/Info.plist,8ba563e28dc9be7e8d286bac5fb82795dae1aa3179a47fb84535f9f7d3ab32ef
tidyr,libs/tidyr.so.dSYM/Contents/Resources/DWARF/tidyr.so,be625c8c136ae372ccef6b3b98fad8fc186cc4a0e6402b6566d4da547961640c
tidyr,libs/tidyr.so.dSYM/Contents/Resources/Relocations/aarch64/tidyr.so.yml,06a20e44805da6874ed529bbb0c9a56a58ea628446d542d2a7c064e6f0a0300d
stringr,DESCRIPTION,f420a338f411d4ff6d2c340a6428ecf71dbd5722d486636f26a9a968eede0975
stringr,INDEX,2b35e12adf6349d0e7214180f25d9d71eaa4d5de824d9b673c173e1e658ae893
stringr,LICENSE,cb49286564f685f984dfeded0641aacf3708e19f19615abd4f61782d1dac848a
stringr,Meta/Rd.rds,4391eb0bc70cb5ee1800d7a4e49e9bd29f96312465ccb66dc4980006e9ea9581
stringr,Meta/data.rds,3876d31a2e32b9b087e09782246454f753b9ce4f0e16b6131b8d455cc28df5d7
stringr,Meta/features.rds,04abba1fbf14e9ebfa5018fd8a740842010982b85aad6aef0f672275b088d982
stringr,Meta/hsearch.rds,7f6d749921a85531a9c545dc89dbd7a5f57aa9db848c9e2f6c00a36f8138e1e4
stringr,Meta/links.rds,fccd609ccc20d5eead56945170ca9720c4dcfa515e0651b765c9037f91340e88
stringr,Meta/nsInfo.rds,b15f5f3e5b56a8cd96de2a4d26b84033f164262ca01d536c797569a142c9dcf6
stringr,Meta/package.rds,1020cc5473fcb21c2d2b9174fa9003517009e6f02de4515e62630b180b034177
stringr,Meta/vignette.rds,8b2b2d92c0b83e1df452279567b5adccddaa9290d2226c389e639d17699d5e9a
stringr,NAMESPACE,a3919fd6152b7a7346b26362c484efcf5f9ba349ac70fa15536b59d5955647cd
stringr,NEWS.md,c8028209ada3f97be2810c4d29075072c199e22dcc66c441df2d3a09ac23682b
stringr,R/stringr,570ca456b280cdeb201ef5ebdf22dc8f80092e2c0c68e33c7f73340e420f3759
stringr,R/stringr.rdb,f1457e3f308033fa327f04a94129f64d8e808d3d485dd0ca26593b75f896d111
stringr,R/stringr.rdx,746802b25c73012f420f40a5444694f075edb512df5443b0c249b81fa4fdeac8
stringr,README.md,f479a32e1eff9f2a6b971d9c0ad4371b28d1d67adf04765be34f867ef051a450
stringr,data/Rdata.rdb,18620e8df790e602db8a150c1b6ce769d23f36f1e73a933356216318f7acb1e7
stringr,data/Rdata.rds,76ee54828aabe5b0575c613f0a0609a2777c80de1bd6644e04eb6efb95871537
stringr,data/Rdata.rdx,96c76d6213a9c8a6a38bb312e82c081d1e6b9d7551f31953854136efc1cfe7a1
stringr,doc/from-base.R,5de0e31966d432b845114c7d30e1e61c362a8fe1a4c13601d2f573b9b779edb7
stringr,doc/from-base.Rmd,73c878aeecde6e19a12c604a4bf749baf9dff2723d5d89a06a7473dadfd010e5
stringr,doc/from-base.html,d8f524e3cfd11218fd97fcd23d13dfddcf91e0cce1ff94f5d276fa9675ae9254
stringr,doc/index.html,69010e5c358abd3028fd8a1b7ef24294009e4608398f1d32a5f246e38b97fff6
stringr,doc/locale-sensitive.R,5194b5a2c3bb90d2cf3b5c023f7d9e0a058ebeed91aae9ac2f4ebee9a77f96eb
stringr,doc/locale-sensitive.Rmd,ae7a680460c7106c2dc32b5f7b6df57e88b4529b8f3dca39097db3027fd65388
stringr,doc/locale-sensitive.html,8a6691d6476fffd7a89171f417d439d786a99b961ab510e5d59771fc4620cc60
stringr,doc/regular-expressions.R,71404c62f9db5235845c22220c8e68b5c1465b2a37bfbfd50520080475fdeb05
stringr,doc/regular-expressions.Rmd,7275984f444458b958593eea578f70e6779c2cf0940e0f34f28c0332c35657ff
stringr,doc/regular-expressions.html,a2f8fe4148ff0060216d23b63de121afe6c114117196fb2a43d7b598e9a1e862
stringr,doc/stringr.R,82c37d9f55d6117d627f0dae26562a4062fe46b33db5663345ecef9cf2c513bb
stringr,doc/stringr.Rmd,48dd3fbef29a52af38323942897a16bbd8fd792a54f6e22af4cbfdce714362a7
stringr,doc/stringr.html,089ad0a0987489b1074592911efb910a09d8465c186938ae621cf5cc62ec7479
stringr,help/AnIndex,3c3b8c07b96377d34230cbab0fd9b8da8cebbc1a767a147b4a312d3c47d4f90e
stringr,help/aliases.rds,c7d27b2f00b49f0bf613e00ea59c8d90f282f38cea997f3acaaccbf48c626022
stringr,help/figures/lifecycle-archived.svg,e51548be52932d0b0468f5b11adcbebac08663898a7c043871864b0064710e86
stringr,help/figures/lifecycle-defunct.svg,977a9d51157cf76f89e0d5562b8b57b06560682c4cc9e44333e9c394629fb520
stringr,help/figures/lifecycle-deprecated.svg,7fefe18cc3b7059272fa85ff40c4a95739bb271276d819fe782ac38db295a07c
stringr,help/figures/lifecycle-experimental.svg,ed1f8972de7fdeb5dedc1087ea043dc4953dca5d58f54286b4c0ab297eefbe90
stringr,help/figures/lifecycle-maturing.svg,9f33b55a1806ad5a3d565a0855a91b47ae26b7cf1ff0f025758bbd15b4c3984a
stringr,help/figures/lifecycle-questioning.svg,2feb00c21e12843cd1cd2e821c941628331dddbb26e34e58c40bb11dcffea89a
stringr,help/figures/lifecycle-stable.svg,4817300514459f5ac876b1a379c7bad15d6049e1a954b71455ab78d76b83ffa0
stringr,help/figures/lifecycle-superseded.svg,c425824d3301dc7d4dc0100d408c4b469f488a8488be748a1fbe61abae5bab9e
stringr,help/figures/logo.png,a346af8c681cef57e315e6c2225ea29000dbac432fb3cd959557942168cbf85c
stringr,help/paths.rds,b014ac2bcc9e4139b8fd7298fc7d4dbb1c171dfa4ff3b9add38e814528a7bfb7
stringr,help/stringr.rdb,001ed3b73e04533a3b1b07b7ffa844e48194fb3ecd136ff69be6c9c364e6913c
stringr,help/stringr.rdx,7a9fc7b15dfe272b3ebdae237385d528d4bbf791a8ea9af17210133155b5ab99
stringr,html/00Index.html,ee7f3af36d64cc379d5192b8b61503ec5bc9acc9cd8f1c45cf33b38c26b5e16c
stringr,html/R.css,3d290675266eebeba6efff07db879d699843c80bf428f9e71000e2fc6078f5db
stringr,htmlwidgets/lib/str_view.css,33cc1c8f487b0d252bf9d90debcc886b6bab50ef89e96aef9dae67e77c5ec41e
stringr,htmlwidgets/str_view.js,0092ace08df87888271d30a56f19203ff4355f6aaa465be97c0488a39752e7ed
stringr,htmlwidgets/str_view.yaml,23551e3b0d03cecbcedb7541992e477adfb9e4ee203a65ff11e59be7e0711e3d
cpp11,DESCRIPTION,204658061dd49aa9e7425bc86bfb09a9c3973b544590abdb6bdb19b87b761ce1
cpp11,INDEX,fb87aca3c176244b8971af56bbd884e4190808b129e7bfd01577db59a609ccab
cpp11,LICENSE,84119b56da00767ba3cd75a7a0b37dd9bf974b8760fb425cb36bd72dcf004612
cpp11,Meta/Rd.rds,74189c87515f36e103ab0c5379950d1f282f8ee690e53c19fe06978edee800fa
cpp11,Meta/features.rds,04abba1fbf14e9ebfa5018fd8a740842010982b85aad6aef0f672275b088d982
cpp11,Meta/hsearch.rds,284bdffe3760d64cb8ebce71aac9b3543b33ae33ecd558336db55c82d1c557af
cpp11,Meta/links.rds,c9dfc1a4f5c7e9e9a333bb14c880e2fcff24b2ef090713eaa11faecacac57738
cpp11,Meta/nsInfo.rds,b9d97a8a25024cddc6ef607839641bf23446c1af7cb95d03458a3c57ebeb07c1
cpp11,Meta/package.rds,cf6d4d5988745027c3e5518ada5039b8992c1ab1d92e1bacb10c21968cae1238
cpp11,Meta/vignette.rds,dea0a8d335b63d7939c3dab48c6737d626f9e32fa4b32ab00caa49a2e69fa38f
cpp11,NAMESPACE,68bf39d096d4f817961a716e81decc7a22d32667ffd4d9df1f72655c29e76d96
cpp11,NEWS.md,5dc095685a35cb64fe1d00740fbff9018fe88b31722e9f49af9cba26212fd377
cpp11,R/cpp11,570ca456b280cdeb201ef5ebdf22dc8f80092e2c0c68e33c7f73340e420f3759
cpp11,R/cpp11.rdb,7d638181a594e134d487ff6cbaaf2f0b3f3b57e47041f0fb9c4a9a263495f880
cpp11,R/cpp11.rdx,2324e2abaec3ab6f40176ce38025303ff300336c22a010289048f5b344298e60
cpp11,README.md,490ab10b66a22b5e63417ad59f484c08567bf84f9639d1e5f24e79d7140a5aad
cpp11,doc/FAQ.R,ddf247c4da402644096dd2390cd8f86d7768ca0a38709cc25aafe7ebc10d367c
cpp11,doc/FAQ.Rmd,d10177151663641e59fa5fa172ab7847dd9b18c0b59efd51df168f169261bbac
cpp11,doc/FAQ.html,4ac6d460ced229eb444b7db5a332955a84313f81a16492012c2e9cf4e7ccfe68
cpp11,doc/converting.R,aa4815a0e40b4fcda0ff81b151bd8fc410ac3fb26580519cabd8bc32a8c326b2
cpp11,doc/converting.Rmd,d6d06dc945e7492de5b7aef81f8bb658e6f0dcbdb66bd60d6259964b2e05b2a2
cpp11,doc/converting.html,86615111898a48f43f6f92c12dc5dd64121eb48e9545010c7ce690652535005e
cpp11,doc/cpp11.R,b82c5392beb85257335447ead1b87664cb48165fa4ad79d80740511d6ee10d39
cpp11,doc/cpp11.Rmd,a0fc2f9ac7ec5bdcc93ba6ba940377858bc4a8bda755a659b922d03bf31b5999
cpp11,doc/cpp11.html,165b4ce3867266450b3b13e2ee04efb8d05244533bdf9143d3c030557ccfdf6a
cpp11,doc/index.html,f8215c035cf49bf8d664bfa54cd2a02666f459d9a7840f6a01b5c149edbf18b3
cpp11,doc/internals.R,aa4815a0e40b4fcda0ff81b151bd8fc410ac3fb26580519cabd8bc32a8c326b2
cpp11,doc/internals.Rmd,d3a35f01c634c03152546d211864b2e4a34097e3bd1488b577303a7e0160721f
cpp11,doc/internals.html,4b2e6ade870aff75cc0c41367de0732768d84f36d32ab0e9057123572048a083
cpp11,doc/motivations.R,e4c310f7129d5f0c7f7ce423e19bb2fd95e73852f3b02b89d43a57d827456511
cpp11,doc/motivations.Rmd,b34e01c9d0626865e5538fd549fa6d4796747dcedec1c997d5b12854624c8351
cpp11,doc/motivations.html,5bfcd31f95018a6f7e17bc45a841ff9aa3a3e9902fb8b79e6909e8206e9e9f6d
cpp11,help/AnIndex,f5f23520b8bbef5a7c7b7fe399c7750b66138a96023a2ce086dcadfa712763e0
cpp11,help/aliases.rds,a3c815fbe6e19dace1f8bcf2d2f53a1fc2b5b2bae4a82f6ceee193a5c92cf3db
cpp11,help/cpp11.rdb,5ee7456f64a449f0747c2910e0606e211cf3b3f795cff21fc356030d8e671d4a
cpp11,help/cpp11.rdx,e367706d9808fc9caa1c0eb705df5c24bb32497b28aaa001df1b3613f1ca6a15
cpp11,help/paths.rds,5f8beb7a117332eb55ced6f7fe1bddf7c546d9eb4cd056e73a01b9776762f467
cpp11,html/00Index.html,4d3f9f8db37cd25425062f27a4cb73d3a8c2e0e5af8edb195cd2a9790f0a549f
cpp11,html/R.css,3d290675266eebeba6efff07db879d699843c80bf428f9e71000e2fc6078f5db
cpp11,include/cpp11/R.hpp,53ea517b37e2fc14637db226f65624e9c3b4bd5f98567df6e8da168d52a20805
cpp11,include/cpp11/altrep.hpp,77119e428e076dfd4746210ae56ee3dd4cd2bfae1a91dcbf0c259263ce9dc4ed
cpp11,include/cpp11/as.hpp,009e7cab13561d250ce44d298c22c92adea8c71b5949da1253d8d93869896f78
cpp11,include/cpp11/attribute_proxy.hpp,4948cbfaa5449dc741f8a783e41ae2396ed2b4a665dc4247add98d108838d87b
cpp11,include/cpp11/data_frame.hpp,52bbf917c3eecc737f52b5f697f5fb068b2e8f9b240db5a44896a0bf6bc597dc
cpp11,include/cpp11/declarations.hpp,3f5ca72e050d32c38b34892d8d9f286c674d0a3862f3e84d4fe42beb45d4008c
cpp11,include/cpp11/doubles.hpp,d16860f3c1dab18b6776be91e72c5b85bd05c8dbb1389eb5ecd12deb493face5
cpp11,include/cpp11/environment.hpp,308b915f0c6f504e9efc4d761c0d5a53f4debf15dcf85bd403827f7cbf59a3aa
cpp11,include/cpp11/external_pointer.hpp,7d17c874fcb5d751f9feb28d9d84cb304a026cfece00d07791c794b0ec37d79a
cpp11,include/cpp11/function.hpp,c6255efaa4fd8610ede82c78272e4a2e92093e0a628dea9ff88e15360d6fd3aa
cpp11,include/cpp11/integers.hpp,18f7050f1554c965b12a8d4f06a3eca99719e5f608e3840c88c251ed3c0bc217
cpp11,include/cpp11/list.hpp,4f235c1eee6fe215b96c2966d8590e0e3a4cf0be16d4c3f9923bc7a849c6b582
cpp11,include/cpp11/list_of.hpp,c64a365ad6b0b5a223516740c27d06a1d8a7eb1d43db482848e8ca03f40032d6
cpp11,include/cpp11/logicals.hpp,178ff06ffb521e95dbf4e9a47ede5192d14158db00d44492c66bd0b40b8cef11
cpp11,include/cpp11/matrix.hpp,3a78fa62dc66ef1e146eec4f9891d79d7e0b1627f7dfa3a6dd3cd9d253be6532
cpp11,include/cpp11/named_arg.hpp,bfccee19cd0df627e72923b0fb4b00b3c01ea31344fabccc0fd10a6b0495cb04
cpp11,include/cpp11/protect.hpp,46eeba6f4f232fc47dd8b66ba90838cbae12e64dbc3102e59236c5b3fced5f69
cpp11,include/cpp11/r_bool.hpp,47c6c7263819718ce4fde2e57877245a16ddf97cd1fdfd57a003ab069289a19e
cpp11,include/cpp11/r_string.hpp,dc789fff3210ad28a86e41809e0a533f6d789a1c9dff5ba76ce3eebccb7798ea
cpp11,include/cpp11/r_vector.hpp,f806b4810099e1602941e9b613e4d2f991099c39034758bc8e26f36a84a8ba15
cpp11,include/cpp11/raws.hpp,e59e50a917d3c1f585bba7cebd4472d947f8a5ab4c064245029f323f9775a76e
cpp11,include/cpp11/sexp.hpp,f8dcc23df3bcb0ba8f44103caa0ae1b69922cd2a06335972f7e310f5b64e701d
cpp11,include/cpp11/strings.hpp,eaf0d8a2bda05b6fb30f5ae57450de6a3a90d470ac906ca77e528e90a57e24b4
cpp11,include/cpp11.hpp,666d30509815c58d1f89b6e2cf7aac55ff1f8a86e26cc1a67c96512f97a83786
cpp11,include/fmt/core.h,bc54dbc4d0293d225527aa557e4e15506a6e67d6463698b34a1ca2a15143f136
cpp11,include/fmt/format-inl.h,3cb910127823eaa33c27b0d6c6190eb8f1eeee4aa0af710577a8518c3826387e
cpp11,include/fmt/format.h,5e13d32f83cf43b3733c77bde9a16a3450ea7b4f989d3871c746caf3091c1400
stringi,AUTHORS,984450bef80b890f4de68ddd8e4739478504da4b87181dc0a811fc098bea173c
stringi,CITATION,20a7059421fde477f9565d1c8a83c38b59e59518e536f5c1b00e474ec0becc4e
stringi,DESCRIPTION,281ec324104d962a7188dd53509e97fd7b795520c1e6e7f32f8a5458b20a238d
stringi,INDEX,55445b54f221694f5a7c1bf817b47881f9784875a93518b3e5d81a1710dab933
stringi,LICENSE,aa2208c8b3d4366266e15f9e7796282175b5fdc3b926808e655e6e60a267f19e
stringi,Meta/Rd.rds,136985ac525311c1a1f00fcb804ae27ad0ae57cbf4eddeadb81597b8429ed682
stringi,Meta/features.rds,b4f074bc0f45cfe56d976c0d67a1453067f4b34693828ed02d674a6641b3e332
stringi,Meta/hsearch.rds,0910bc1ddda7d5b0eeea08b3c728fc9ecc95a38fd2921c773fc001d5edfae809
stringi,Meta/links.rds,6c6a83b5c571a8ffe8e841732df5f99ce9457621cefedfebdf5f7afee469ee2f
stringi,Meta/nsInfo.rds,00db6e180c6126f12dee32e3d2901c4c059bd71a22dbd9ab9ca1c8a1f54735e0
stringi,Meta/package.rds,2f0f697ed92fe86a2fe765c82dddcb3fbf929107024cf15b20fe249bb32ac80d
stringi,NAMESPACE,ce71a2dc439882f645b1071db0c748f64eb9845c317469e2aaf246fca1aa5d90
stringi,NEWS,1dd6e34d121af15769e33e64b9d81dedaf2b4e9ac19be6901e8cc2cbe80500e1
stringi,R/stringi,570ca456b280cdeb201ef5ebdf22dc8f80092e2c0c68e33c7f73340e420f3759
stringi,R/stringi.rdb,81061a22da48de930497720d9006b4329bab6e030139db6e980eda71a80f7960
stringi,R/stringi.rdx,4a62177388c3db96e06859aeafee94593f9cf8d972ddbbcbf6a4db266478a6ea
stringi,help/AnIndex,6d6d6ae468936bd6e19a721b65cd84e052d58fc7839a190bf4ad145ad9beba84
stringi,help/aliases.rds,ec280def8dd660acca31447f3604aaf2c06ca0f52e427a76666d3ba56b3d5f94
stringi,help/paths.rds,dd780b2ac303b8c0187fc04c8d28a26861dd39a178158a6f43ace93653455a34
stringi,help/stringi.rdb,d50cbf4048d6affec20080fcac131ccb9eaece576d79ab30bdc19c2976e9fdc8
stringi,help/stringi.rdx,0d20c2b13f1922241a1ee16e180602ec62d902e8a2ffdc75909adade1f03856f
stringi,html/00Index.html,01ba8dd1477d72bc1eec55d2110b79f6802e0a2940dfc03c31677af4df3a7545
stringi,html/R.css,3d290675266eebeba6efff07db879d699843c80bf428f9e71000e2fc6078f5db
stringi,include/stringi.cpp,0df07748693378084c4975fa9362f94d1b69f5526909aaa5020e7fbd6c4f118d
stringi,include/stringi.h,7e90353bd9de9598d02c8b1f2207648be3fef6b74bcf0352eb74cdf6bec2163a
stringi,libs/stringi.so,7c1519cfa7e53049ba9831ba35a871c6e19e24897143e5918c5b2c076ce8210f
bit64,DESCRIPTION,ba96ba4267f217ea2ca5ec645b00fbd38bc0b22c02eea9e81dfee764537594f2
bit64,INDEX,46ea3b06f821b5e48e36b8d4cf3dc2bb8fd6cacba884d7ce8e30aaee8c6e4b87
bit64,Meta/Rd.rds,3ba005551145d4370a994dd77cbfeb9013dea1f8c507290ee7fce12d8fc63033
bit64,Meta/data.rds,325aacdc74e71c2dbb715549f6228c5be6f1eaa4731fd9faa3733ba2e4f10974
bit64,Meta/features.rds,b4f074bc0f45cfe56d976c0d67a1453067f4b34693828ed02d674a6641b3e332
bit64,Meta/hsearch.rds,d72d4b00e711d25ba1ea7b814c38e99510da4ec5b3e970d98e5d47c4956c0870
bit64,Meta/links.rds,aa7c0422463d39eaa44b743877a3bb889a346fc1feb6673dc3a526167169c89b
bit64,Meta/nsInfo.rds,c7adb7991f9ae56dc68ac6f1b414c4661671b3baacce4538059f3ba8da4a1b1e
bit64,Meta/package.rds,6143dbc85c4bbabaf54591deac780be5f1301ab183b05f6755b7c788a7148497
bit64,NAMESPACE,512b49d1f145a20c3df97896940607ea8f72d46dc81d016007f73e991cd4c92d
bit64,NEWS.md,cc9e298fd49c8b3730e66e90cb142d00ec55e26508ed01a5014ad63d2b8c3556
bit64,R/bit64,570ca456b280cdeb201ef5ebdf22dc8f80092e2c0c68e33c7f73340e420f3759
bit64,R/bit64.rdb,f63a4eadaab6a8cdd887f3100413a4c51ce0f8a9d53e2e46abf7d50ee3e9b530
bit64,R/bit64.rdx,bea32dc04ad113471119b664c2564402557c332bde30d59d8edace395e7e7562
bit64,data/benchmark64.data.rda,a1d85746f7d6b474b4c2fea5a21a613010409a9b439c248ee70936369398b62f
bit64,data/optimizer64.data.rda,d0f6a5bb364fdb5e1adf6f2e9146b7d5c7dd8d73b7b876d314d10817fd909d51
bit64,help/AnIndex,7e46655f4aa2f004f9aed25ed2f07d74577dc60aaa70540503a83f66980e85d9
bit64,help/aliases.rds,1d2df1ba820c96ad1f3d88988051c9c00bbed1bae19df3fd3d6b6fdb718ae38a
bit64,help/bit64.rdb,a914f5d89148018e3da392926d219e76a102dd00bdc6694941ee7505cdc72274
bit64,help/bit64.rdx,8f9126698296240065000be7a6a200673819a86f5f8ba54d3db9f6197cbeb1db
bit64,help/paths.rds,77dee58f711535289c3bf232c235c89c4c0a02a4641faf7e646c62764c14649b
bit64,html/00Index.html,8bf9f1523ce739222ed0eab6ec01d383a42dae5bd3de0d848020b0d5011e0861
bit64,html/R.css,3d290675266eebeba6efff07db879d699843c80bf428f9e71000e2fc6078f5db
bit64,libs/bit64.so,f45f224a3101d07d2bd28b4e2540a73f76e25bd7fff90cad1cd667a7a0af1931
bit64,libs/bit64.so.dSYM/Contents/Info.plist,ef4f10d86516a9047a4ce306eff5a0106d83f0137f2e0b108a180c518037c85a
bit64,libs/bit64.so.dSYM/Contents/Resources/DWARF/bit64.so,811f35416801d977375fa516b62491e0bdae16375e4d93b373c0feb4c8fcd622
bit64,libs/bit64.so.dSYM/Contents/Resources/Relocations/aarch64/bit64.so.yml,e412a62de6fb24813dc575bcb1a5da4731281cc441d4e898e1c5308816cbe10c
memoise,DESCRIPTION,6e0f859414f1137122c3eb95670a2e1a9d1fa31c4f6267e066f28cf122e91703
memoise,INDEX,02cd7fe2db2657bd290fb8c1b37dad36466957d0f29051963cb296b185f09dd8
memoise,LICENSE,728149b1a13e7dce2e5ebf88bf86cce3c98db357a4cf60fc06fb1ae7d5d341b8
memoise,Meta/Rd.rds,d18c643217e1fc2172a81d37679c0dff8de1360d5fece7ac847870dda50a46ef
memoise,Meta/features.rds,04abba1fbf14e9ebfa5018fd8a740842010982b85aad6aef0f672275b088d982
memoise,Meta/hsearch.rds,9ac7302be9b2feac7a621b6d11e373015661194bd04f978d7dcc25ac26f2dfde
memoise,Meta/links.rds,875fe62cebdf6aab6e31450d0c9f257f634b3b086ed4132d203bc281b41585fa
memoise,Meta/nsInfo.rds,15f852cb1e71fd0d4c0bd05226b6f83fc57edfee31db87a6213c8fe21fdced8d
memoise,Meta/package.rds,b769deefeff8fb65c4bc5e04e9e79f62c14e3a7fb4912f422c4c00999039d1f7
memoise,NAMESPACE,7a7ff3f5d804e5620b895d989363c2917b2ef6900981abad6f0a00c9cb4a970c
memoise,NEWS.md,b04a5f4cc545eaba812e1c8e8e0475ee28011a9641103c77f6e1b5899ac80394
memoise,R/memoise,570ca456b280cdeb201ef5ebdf22dc8f80092e2c0c68e33c7f73340e420f3759
memoise,R/memoise.rdb,9f53254faf09d9219059c5c6eb1ac629326992562eb9f75f4e36b90b815a1f35
memoise,R/memoise.rdx,f305ba80e7150ad9b79445ccb1e7e1de3376c69306b2daf71fc37e225c9d3cf4
memoise,README.md,edf836f94dd07df1fdafb8b0487564ce9f2cb23cf81379c1d6334d75c72d5248
memoise,help/AnIndex,486977fa4463e8f326e813d2715c5fa221cdc8615aff07f26f974b78d0e36870
memoise,help/aliases.rds,71c44fd45f1730d78288a9ba6ed83a226506e77c7877edb0cfdc6580f01c593c
memoise,help/memoise.rdb,49755d72b5077ddcdbe0ffb8c7f43ac3dd70de5c138b8920b64c896774b5ef25
memoise,help/memoise.rdx,d4d01d4d1c3d49f6f436eab3874ffc7344b7406b8769a869a05d0fa8da50f593
memoise,help/paths.rds,97e2307b302b61d8cfd8bc072c210f82a365a2e7d5048452e806115f29e47140
memoise,html/00Index.html,407794e5364ae2e95d6c0aeb07233058bc329735141a5eb176aeabce187287ba
memoise,html/R.css,3d290675266eebeba6efff07db879d699843c80bf428f9e71000e2fc6078f5db
bit,DESCRIPTION,e7de57b9a83bc54db200877e38f1d8276396ee92809b4c0c3ffd13ed401323c5
bit,INDEX,f88c37d06bb2bc174a7a348591c2006dc0bbf905ddee9799bcbe226e5397daca
bit,Meta/Rd.rds,1b21b05c392ff42c69ab4032acc8f599de5ecf20178d0d030a04e8a753fbe4fa
bit,Meta/features.rds,04abba1fbf14e9ebfa5018fd8a740842010982b85aad6aef0f672275b088d982
bit,Meta/hsearch.rds,3ccf7b4433b2c19cd95a107d989c607e9c03d9246c9f9834066bcdd685fd6aa8
bit,Meta/links.rds,835bd13a9b7bc88b4d3a146e95a2bdd942da5aade1f4cc38f1bf9124e90609af
bit,Meta/nsInfo.rds,4204a146d1f165f2e86e5413e86b11c776bb6404730da3054550aa1024f63b3e
bit,Meta/package.rds,19a01b86750cadff466b82334286592ff8c9b688d0db895794fa52123043a920
bit,Meta/vignette.rds,25ccd9699d674e6136bdd9ea84164b34ab2f295da39e3b947df5b5910079e9a3
bit,NAMESPACE,bd2b9ec2017ee9413cfeb3710649776da6216954ec70c562abea6d1005ae04a0
bit,NEWS.md,03df29462947895e4265aa17df6adb9a69cb4947648b201c23b6abfb85cedf83
bit,R/bit,570ca456b280cdeb201ef5ebdf22dc8f80092e2c0c68e33c7f73340e420f3759
bit,R/bit.rdb,6cb9457c57c01f07982f52fb52ad059556c8ac3be356cf83a1fb28b63b9621b6
bit,R/bit.rdx,a1bd6d3265096051d6f14855714b890a4a661fbbcfb38f17ebf9d7e066a7a249
bit,doc/bit-demo.R,d8c0876af423b86579654c871988f1ddc601f03fbe34ff63bf63b186679697ea
bit,doc/bit-demo.Rmd,60d6ded90b16e2741d19e4520d0f1c51a417f65f6a9e752d9a17ce38b3055868
bit,doc/bit-demo.html,2c62164298bb3236beb7fc0dd1c37035959fdaef68b063388f58b120f28732f3
bit,doc/bit-performance.R,1c4f76e334b9df2cadc10d2e1dc6e80f65ccbbe9c659e17858385de9e3e39d56
bit,doc/bit-performance.Rmd,5dab04ab4533ba55caeb57e175ab75746d45f695fc23825d5922881c87d9c548
bit,doc/bit-performance.html,66122d2015e6000d0def03a7e316ba4fc2d74fa3f4a5a8f0f8b511ea764e799f
bit,doc/bit-usage.R,a5dc1ecc05de4c4f007dac3f6d789b849e7a9aff557104ade6adb28b7df896e1
bit,doc/bit-usage.Rmd,47a45d4d0308296914d9f6754ef2a2686456d19fcc2262d98aca998233a63027
bit,doc/bit-usage.html,d0b9af60314e1c9a516b25c9a72cc8e8fab1c0396acf880647d6b2d1806bd751
bit,doc/index.html,674aee6c47b1b4bf8d677738205f5c33e2011cb39b60df096401229c71bf259c
bit,help/AnIndex,b8d1944526f38956f478bade9ae90a914e7d3d8502df223e37100ccf9eece45b
bit,help/aliases.rds,8a327c596b815b46746e477d839ef8024d4e65eca7618ec274a0917eb876c0a6
bit,help/bit.rdb,42d677a9431ec1892ad331ac1c9bb894b46c164fc1651cb7b633f4e23c1df2ae
bit,help/bit.rdx,cf17964f1773c89b1e62f0125c79821b77c9456f0aa353084a1d99feb522ce03
bit,help/paths.rds,93ce6ef9db964c6f1883d5a0c4fc498a2aee7c4c8832b9b42966af6b2b88c0ed
bit,html/00Index.html,56ddadb90ea26f1907396dcb07432b76712e176acd9be600ba0244f8231de801
bit,html/R.css,3d290675266eebeba6efff07db879d699843c80bf428f9e71000e2fc6078f5db
bit,libs/bit.so,333a9c8fae45cbbca01d1d755abb23a9eea86079b776ae99c9d66424114b5fbd
bit,libs/bit.so.dSYM/Contents/Info.plist,f525ead9af540527b77ab5fd8918f36c796a1cb5d8cc24321c6b66eeccb4b89e
bit,libs/bit.so.dSYM/Contents/Resources/DWARF/bit.so,c066793103ffd08a68e4483748e74b2e655eb90a4327aef1ce3497e041c76ebe
bit,libs/bit.so.dSYM/Contents/Resources/Relocations/aarch64/bit.so.yml,205c7c5cb3a0713e9434b4acb7445361ca81032cbca641a8fd4641ce117991e5
cachem,DESCRIPTION,2013466726cf6980b15d52d1efff66ee8a3f4278f08a62b9f75c246c74e89f0a
cachem,INDEX,7aa243edad8dac31e273b7fbe289d20f22a86c3675c0ae9fd84d594470aba0ca
cachem,LICENSE,8841acac0442c5454cd9e9dbde2ccf355c16aaa542c728e634fe67cf351c98e3
cachem,Meta/Rd.rds,e00007320bbfa3c3ad7d679b552d950c5212b71bdb4a8f155260a9c6a25874ec
cachem,Meta/features.rds,04abba1fbf14e9ebfa5018fd8a740842010982b85aad6aef0f672275b088d982
cachem,Meta/hsearch.rds,68f3f229252d3a62ef38f31fd70f5cdee858888fca75ff2b3a4aa9bb46407b69
cachem,Meta/links.rds,5f461b0b6f47103617fed56c294a0c44fcf2e7a0721e39a440a3e92a47baf50f
cachem,Meta/nsInfo.rds,f70603ef4f4c62434cef3b57a88fe7da4ddb5b6744142e25cc9828a835eef7cf
cachem,Meta/package.rds,424ca26ef02b57e7a04b4e1dc28c1641c24a4ac02e1e6067c0616cdd0224114d
cachem,NAMESPACE,d5ddcda83b5622896e9dc9517db3a213e9cf8b546848823ca96bcca25a5997d8
cachem,NEWS.md,f4464c7b922f1162c14ebb8d122b9aed0a726a2ed6a49dbc01bfe0af18a93089
cachem,R/cachem,570ca456b280cdeb201ef5ebdf22dc8f80092e2c0c68e33c7f73340e420f3759
cachem,R/cachem.rdb,bbd9cf2be3fee3682dedc1717056f0de93364591a96c0adea5fabcb7fa776c39
cachem,R/cachem.rdx,f61181be27fa730495a38cfbed16cd2dc97d0bb26cb027e27c7542dcda735adb
cachem,README.md,61ca59ce91ee06d8166a9503839b1230dd9b5d1d71032c9bbaae25e17518f944
cachem,help/AnIndex,ae0b0d4522378873d1083261ec44a6b190583b1dad8c715541ede342c5e5148c
cachem,help/aliases.rds,fee28412efbe824cc283f7c649266eb020513e2b519e6a8173f61df4ddae5b91
cachem,help/cachem.rdb,19e16b5df7d91aa69ab3313293eb23670814e819a97383cdda0a087a061f2ad2
cachem,help/cachem.rdx,7191ca643e22d2e9dc9b867108e8b82b0e5379a059e20bdb46201f49e01595b9
cachem,help/paths.rds,771eefed9c596e81e21b46e006e54c0d80327713cea9454d3d22899924e2f9ac
cachem,html/00Index.html,a79e538ccef20d92e75de7f752b13ba5ef6843a175accb42deb8ba259c45afca
cachem,html/R.css,3d290675266eebeba6efff07db879d699843c80bf428f9e71000e2fc6078f5db
cachem,libs/cachem.so,ae0738ead04ffda93ff05bf380553d0f08507b1e65eb235b285a01f76f1d099d
cachem,libs/cachem.so.dSYM/Contents/Info.plist,254db6b4de2747ececb87ea78536c1b815b24b9a6fb917aaaf58c2f448673b32
cachem,libs/cachem.so.dSYM/Contents/Resources/DWARF/cachem.so,a28eb48b67d23776c20225d95f39e775bf0616b8dd1167e995a1f79867d74861
cachem,libs/cachem.so.dSYM/Contents/Resources/Relocations/aarch64/cachem.so.yml,779182552ca0f5be4f69ffe99d08e731efd68e46121fb9d0279e412423de01a8
fastmap,DESCRIPTION,e6b1fd7bbfda608a44662d935960413f13e8200065755531e7290a7880b93097
fastmap,INDEX,41b3bb2a5faef1bfb4d1a03371263267649f120c9e2818ea8761e1ca621ba6d3
fastmap,LICENSE,88cb13bc72ae6e9422255d9923b9666f0aedbaaf8d0462f55bd09282d4d7fd28
fastmap,Meta/Rd.rds,81d893c1a229e1d9704fcb2dcfe555fa380daecf6e5dc758f154ef13276d86a9
fastmap,Meta/features.rds,04abba1fbf14e9ebfa5018fd8a740842010982b85aad6aef0f672275b088d982
fastmap,Meta/hsearch.rds,b775572f6b5033753af122b88764a2743cfad2eb1fa752526fbaf037cf97aa74
fastmap,Meta/links.rds,b138d86d839efbfaf73f9838fac7d24a54120fe2cf2b565dea13859a2f4b1ea3
fastmap,Meta/nsInfo.rds,8bfdf59dc100e77180e57c2cc277f8318abec3dfe1bb077fa5bb60e188c84dc5
fastmap,Meta/package.rds,92ed10a632fac622e681284d0047d39e8b7148f93e16c43b77cb8f3a95eb149b
fastmap,NAMESPACE,15411cce6ba0ced71e6f4619dc6c9c5bded56673373dd404ae8fb3123de35bc8
fastmap,NEWS.md,54156df06de5a87e407811103d5cc6a66d936a09636b275ff4fd4dda213735c2
fastmap,R/fastmap,570ca456b280cdeb201ef5ebdf22dc8f80092e2c0c68e33c7f73340e420f3759
fastmap,R/fastmap.rdb,8f0d9c90e90c37ba4c2a864a769fef386cc0a1e548d39a8c1e29161b80d80eb2
fastmap,R/fastmap.rdx,ad3cb929a5a9e1901db6fce0518785cc59b91b828e422657cddc5d97275846ab
fastmap,README.md,5dba25577254efbbd0a8641d465cabcd00c6dc199da152f02af8c4c2891a386d
fastmap,help/AnIndex,668fb838f59de01984b381a22c32c31ba1d4c4ffbed85434b057f18388a8d3fc
fastmap,help/aliases.rds,248e5c8cb776b3db55f8fcc8a3c1a59cd30fe3298d61ca45542c5f4513e88345
fastmap,help/fastmap.rdb,8e73f8f7c9bdcbf54a222518bd296b505149c826c3d2bfadedd6342803e5bf9b
fastmap,help/fastmap.rdx,24a7397204728f2c94ddda23a2c41b1c2ebf88021d06414dd72782293a4ea4c2
fastmap,help/paths.rds,59f57867b294dd1d4da00ede9f5df4364e7d92e13ad950451cdd377e0e5fb473
fastmap,html/00Index.html,8f918673fb8d270fa032c920f9124bfebde756c8576333e984e222ca826f31d0
fastmap,html/R.css,3d290675266eebeba6efff07db879d699843c80bf428f9e71000e2fc6078f5db
fastmap,libs/fastmap.so,2fcdd6991ba36d62dd8bb83dba416754800b40c0a9d9488c24dd356c51fe826d
fastmap,libs/fastmap.so.dSYM/Contents/Info.plist,41b6103d93b3cdd3aff1fc5009b06936917c916c35b7492854c82a4549b9063f
fastmap,libs/fastmap.so.dSYM/Contents/Resources/DWARF/fastmap.so,79529db69a54b9a00c768aa2456dcd630162fc1b2c328bd458e813e23efd31b3
fastmap,libs/fastmap.so.dSYM/Contents/Resources/Relocations/aarch64/fastmap.so.yml,056dd950cfa4b449a5653f5bb6bb50a97fd0777ec08a75e5a8d512d48252f700
assertthat,DESCRIPTION,5628b1b414fdc0f9e5f9e05777a2f27999b0e172a4b5a1678c96bff6bb621d9a
assertthat,INDEX,c773f2b7d29f2720dd4788946b3246b48e2b780787a5ef398a742b2e6f8bef41
assertthat,Meta/Rd.rds,71a61ce14662fa64b033012275ae22fdf4b8a7b3c60ee46d33412ba85cc5ad75
assertthat,Meta/features.rds,04abba1fbf14e9ebfa5018fd8a740842010982b85aad6aef0f672275b088d982
assertthat,Meta/hsearch.rds,a58dc137c811a574e80270809e04d4e85c8f5355d6e5ec5b9ef88c7d45f96402
assertthat,Meta/links.rds,313c371042bf08988ef0c93063b468444641a91713dcb6596177eb3089925b6b
assertthat,Meta/nsInfo.rds,28f2a3bc5d84b29b7ddb7bc8bb93ba9eb39e73eb1a7f8e302f9be91ab07b4444
assertthat,Meta/package.rds,c7eb41157d143ec7ea9d275596d153e75ab23bdb33b98922f51dc1f70d520e81
assertthat,NAMESPACE,d2017661492e700bad0772292a99435429404d68c0af62d029b92d99455e7d8c
assertthat,R/assertthat,570ca456b280cdeb201ef5ebdf22dc8f80092e2c0c68e33c7f73340e420f3759
assertthat,R/assertthat.rdb,f9a2d9549b3b3646e49f0196da5b621b119339dc43a5e7471bd4eaab1025d6ff
assertthat,R/assertthat.rdx,652a6d7838331147c838a85616d45498b2d7dfd02bb50a42eb2df20ed222ade4
assertthat,README.md,a8677cd8819e2e663ccd4b80458cf4c1829cb6c5edfe05625fc12745e538fdce
assertthat,help/AnIndex,241da0e7135bfd9a129bcd33c2621d8cbe4d8997796f3ff3a080b9b9b0ea5aba
assertthat,help/aliases.rds,29bedaf645aad21a9dd52313a03c8ecedbd86e73dff664ecbd917a459632bad3
assertthat,help/assertthat.rdb,5f219359bfba342ca1e9faeb778331a665e49d85645202b821211435d5308857
assertthat,help/assertthat.rdx,1800a6ae9bb4bbfd832bd37ca64f4405becdedd90447ebe391eb3a1a75c51401
assertthat,help/paths.rds,f476d88c34b7e3d5ebdcb5d9b1ec3badcce9502200b9fdb66d6372f63dfba5bc
assertthat,html/00Index.html,95e531ffb6a290f285123cd0f19f347a00531f456b0d9457e67818290955f8e2
assertthat,html/R.css,3d290675266eebeba6efff07db879d699843c80bf428f9e71000e2fc6078f5db
